,Train No.,Train Name,No.of Coaches,Class of train,Revenue(lakhs),Day,Station_Name,Start_station,End_station,Frequency,No.Of PLatforms,Total Journey Hours,NO.Of passengers,Number of Dormitories,Dormitories Capacity,Dormitory utilized,Facility Quality Rating,Average Stay Duration,Revenue(THOUSANDS),Date,Month,Year
0,21664,Double Decker,15,3,7,Mon,Ajmer,Dli,Jpr,Daily,2,37,27956,377,33,26,3,5,66,15,2,2021
1,89788,JBP ALL SPL,26,2,5,Tue,Ajmer,BKN,BKN,Weekly,1,32,17682,377,25,27,4,13,69,6,6,2019
2,75772,Vande Bharat Express,19,1,8,Thu,Ajmer,BKN,UDP,Weekly,1,28,28404,377,26,33,4,13,72,28,7,2019
3,62941,Double Decker,24,3,8,Thu,Ajmer,ALWAR,SIKAR,Twice in week,4,20,17894,377,21,25,4,4,72,19,8,2020
4,23703,Double Decker,16,1,6,Mon,Ajmer,Jpr,ALWAR,Daily,5,32,21361,377,23,22,2,14,68,17,4,2019
5,88573,HWH JU SPL,12,3,9,Sat,Ajmer,ALWAR,SIKAR,Weekly,4,21,19960,377,20,21,1,22,65,13,3,2022
6,92532,Ashram Express SPL,11,2,6,Fri,Ajmer,UDP,BKN,Weekly,1,34,18261,377,26,26,1,11,69,16,6,2019
7,91225,Ajmer Shatabdi,28,3,9,Tue,Ajmer,Jpr,UDP,Weekly,3,11,19377,377,29,33,4,19,68,14,1,2022
8,54909,Vande Bharat Express,19,1,9,Thu,Ajmer,Dli,Dli,Daily,5,39,20007,377,22,26,4,22,68,28,6,2019
9,52964,Vande Bharat Express,16,2,5,Wed,Ajmer,SIKAR,Jpr,Twice in week,2,36,28714,377,32,27,1,20,67,21,8,2019
10,60684,Ashram Express SPL,29,3,6,Fri,Ajmer,BKN,UDP,Weekly,5,7,20981,377,26,30,3,23,72,28,2,2020
11,54887,Ashram Express SPL,22,1,7,Thu,Ajmer,ALWAR,JDP,Daily,2,8,16410,377,28,28,2,23,67,30,7,2022
12,54387,CDG ALL G RATH,15,2,7,Mon,Ajmer,Jpr,ALWAR,Weekly,1,6,21153,377,30,23,2,18,68,28,8,2020
13,78218,CDG ALL G RATH,13,2,8,Wed,Ajmer,ALWAR,UDP,Weekly,5,12,20791,377,25,34,3,12,70,23,3,2020
14,31324,Shatabdi Express,22,1,6,Fri,Ajmer,Jpr,Dli,Weekly,2,10,25995,377,23,21,1,17,71,4,9,2021
15,87895,Vande Bharat Express,12,2,6,Tue,Ajmer,BKN,UDP,Daily,3,31,24129,377,28,34,4,14,72,8,5,2022
16,69967,Ashram Express SPL,27,3,7,Fri,Ajmer,Jpr,ALWAR,Twice in week,1,5,28375,377,26,24,2,7,66,20,6,2020
17,86920,Ajmer Shatabdi,24,1,7,Sat,Ajmer,SIKAR,UDP,Daily,2,31,10729,377,27,22,2,20,67,14,7,2022
18,74506,Garbi Rath,21,3,5,Sat,Ajmer,BKN,JDP,Daily,5,16,11448,377,25,34,2,11,70,13,3,2021
19,26631,Garbi Rath,15,1,9,Fri,Ajmer,Dli,Dli,Daily,2,8,15551,377,34,20,4,12,66,19,5,2022
20,18642,CDG ALL G RATH,22,1,6,Sat,Ajmer,Jpr,SIKAR,Twice in week,1,8,22183,377,28,26,3,18,67,24,11,2020
21,52593,Ashram Express SPL,28,3,5,Sat,Ajmer,UDP,JDP,Daily,1,8,17136,377,27,20,3,13,68,29,10,2019
22,70771,JBP ALL SPL,20,2,8,Wed,Ajmer,Jpr,UDP,Weekly,4,8,25687,377,29,27,2,20,66,17,1,2022
23,15349,Ashram Express SPL,16,2,5,Wed,Ajmer,UDP,Dli,Twice in week,2,17,24690,377,28,30,3,9,65,14,7,2019
24,70707,Double Decker,14,1,5,Wed,Ajmer,ALWAR,ALWAR,Twice in week,5,14,18675,377,33,25,4,9,69,12,11,2019
25,37861,Double Decker,24,1,5,Mon,Ajmer,Jpr,JDP,Daily,4,15,20872,377,29,20,1,6,65,4,8,2019
26,57293,Garbi Rath,12,3,7,Thu,Ajmer,Jpr,Dli,Weekly,1,25,16029,377,27,21,4,18,68,25,6,2022
27,99775,HWH JU SPL,13,3,6,Sun,Ajmer,JDP,BKN,Weekly,1,8,27927,377,22,34,3,9,66,19,2,2020
28,41221,Ashram Express SPL,28,2,6,Sat,Ajmer,JDP,Jpr,Twice in week,3,16,16205,377,25,21,1,18,67,20,1,2022
29,57282,HWH JU SPL,10,1,9,Thu,Ajmer,JDP,Jpr,Daily,3,19,28848,377,34,29,4,6,72,7,8,2022
30,21954,Ashram Express SPL,18,2,6,Tue,Ajmer,SIKAR,Dli,Twice in week,2,16,21246,377,22,26,4,22,65,2,5,2022
31,52726,Double Decker,21,3,5,Tue,Ajmer,Jpr,ALWAR,Daily,5,7,17854,377,34,34,3,9,71,28,11,2020
32,98558,JBP ALL SPL,28,3,8,Wed,Ajmer,ALWAR,UDP,Weekly,5,21,21209,377,29,27,2,18,68,2,5,2020
33,52380,Ajmer Shatabdi,18,3,7,Tue,Ajmer,Jpr,Dli,Twice in week,3,20,22179,377,24,24,2,14,67,11,9,2019
34,42759,Shatabdi Express,23,3,7,Fri,Ajmer,Jpr,UDP,Twice in week,5,30,16878,377,24,25,1,13,71,10,10,2022
35,74630,CDG ALL G RATH,11,2,8,Thu,Ajmer,JDP,Jpr,Weekly,2,17,16178,377,34,25,4,13,67,30,7,2021
36,48608,Rajdhani Express,20,1,8,Wed,Ajmer,SIKAR,UDP,Twice in week,2,11,17264,377,29,34,4,20,65,7,8,2022
37,28071,Ashram Express SPL,20,2,6,Wed,Ajmer,BKN,Dli,Twice in week,4,17,11497,377,33,34,1,11,67,28,6,2020
38,83498,Double Decker,15,3,6,Sun,Ajmer,SIKAR,JDP,Daily,1,26,18462,377,28,30,1,14,71,24,6,2022
39,85691,HWH JU SPL,10,2,9,Thu,Ajmer,UDP,JDP,Twice in week,3,20,25020,377,28,23,3,13,67,13,11,2020
40,18645,Ajmer Shatabdi,21,2,7,Wed,Ajmer,ALWAR,UDP,Twice in week,3,39,16779,377,20,32,2,6,72,23,7,2020
41,23058,JBP ALL SPL,29,3,5,Sun,Ajmer,ALWAR,Jpr,Daily,2,8,21442,377,21,28,2,10,68,9,7,2019
42,69357,HWH JU SPL,29,2,7,Sat,Ajmer,SIKAR,JDP,Daily,2,16,14619,377,20,24,1,8,69,24,3,2020
43,62198,Shatabdi Express,16,3,8,Fri,Ajmer,Jpr,Dli,Twice in week,5,25,19798,377,28,28,3,17,68,28,10,2019
44,46659,CDG ALL G RATH,24,3,8,Mon,Ajmer,JDP,UDP,Weekly,5,28,26614,377,24,34,3,8,71,12,11,2020
45,69628,Shatabdi Express,22,2,6,Mon,Ajmer,JDP,BKN,Twice in week,2,31,22168,377,24,22,2,15,72,20,8,2019
46,75743,Rajdhani Express,29,3,8,Sat,Ajmer,ALWAR,Jpr,Twice in week,5,14,21854,377,26,22,3,5,71,9,2,2021
47,86652,CDG ALL G RATH,13,1,8,Mon,Ajmer,Dli,BKN,Twice in week,4,13,19936,377,24,26,3,4,69,9,7,2019
48,51300,Vande Bharat Express,21,2,8,Mon,Ajmer,UDP,UDP,Weekly,2,9,17854,377,27,31,4,18,69,5,11,2021
49,53552,CDG ALL G RATH,11,3,9,Sun,Ajmer,UDP,ALWAR,Twice in week,1,36,17447,377,27,33,4,9,66,18,3,2020
50,14421,Ashram Express SPL,15,1,5,Mon,Ajmer,SIKAR,ALWAR,Weekly,1,31,10852,377,20,27,1,15,70,15,4,2022
51,87132,Shatabdi Express,16,3,5,Wed,Ajmer,UDP,BKN,Weekly,1,23,26599,377,25,30,1,9,70,21,2,2019
52,27873,Garbi Rath,12,2,8,Tue,Ajmer,Dli,Jpr,Daily,2,17,22227,377,30,25,1,18,68,6,7,2021
53,66443,Vande Bharat Express,24,2,7,Fri,Ajmer,ALWAR,Dli,Twice in week,3,26,28576,377,28,31,1,14,70,13,11,2019
54,37122,Rajdhani Express,26,2,6,Mon,Ajmer,UDP,SIKAR,Twice in week,2,22,24574,377,25,22,1,5,71,18,9,2019
55,42140,Garbi Rath,10,3,9,Wed,Ajmer,Jpr,ALWAR,Twice in week,2,25,22592,377,31,21,1,20,65,10,7,2021
56,59895,Shatabdi Express,18,2,7,Sat,Ajmer,SIKAR,ALWAR,Weekly,5,24,22680,377,21,34,1,19,70,30,11,2020
57,81397,HWH JU SPL,27,2,9,Wed,Ajmer,JDP,Dli,Twice in week,5,25,25287,377,27,28,2,21,71,23,9,2021
58,25694,Garbi Rath,15,3,5,Fri,Ajmer,Jpr,JDP,Daily,4,35,16760,377,34,23,3,5,66,20,11,2020
59,75900,Garbi Rath,21,1,5,Sun,Ajmer,UDP,Dli,Weekly,1,7,11898,377,24,32,3,20,69,14,4,2022
60,28606,HWH JU SPL,14,1,7,Fri,Ajmer,Jpr,ALWAR,Weekly,1,13,22713,377,26,22,3,15,65,29,6,2020
61,82015,CDG ALL G RATH,13,2,7,Thu,Ajmer,UDP,JDP,Weekly,3,4,17881,377,31,27,3,15,65,8,8,2021
62,35921,HWH JU SPL,14,2,7,Sat,Ajmer,UDP,BKN,Weekly,4,15,22481,377,28,27,4,23,65,16,9,2021
63,19548,HWH JU SPL,13,1,6,Mon,Ajmer,Jpr,Jpr,Twice in week,1,16,18934,377,33,24,1,17,70,3,5,2020
64,48324,Ajmer Shatabdi,17,1,5,Mon,Ajmer,Jpr,ALWAR,Daily,4,14,29056,377,20,27,3,23,70,29,4,2019
65,12498,Ajmer Shatabdi,17,2,5,Tue,Ajmer,Jpr,Jpr,Weekly,3,36,26954,377,27,33,4,13,66,7,6,2022
66,60782,Garbi Rath,16,3,6,Thu,Ajmer,JDP,ALWAR,Daily,3,37,16314,377,29,34,4,9,68,5,3,2019
67,20774,Shatabdi Express,16,1,7,Thu,Ajmer,Jpr,BKN,Daily,2,22,10998,377,20,25,2,12,65,19,11,2021
68,16441,Ajmer Shatabdi,26,1,6,Thu,Ajmer,ALWAR,ALWAR,Daily,4,23,25835,377,25,29,3,7,66,30,4,2021
69,74427,Rajdhani Express,18,1,9,Sun,Ajmer,SIKAR,UDP,Daily,2,37,14144,377,32,29,3,7,68,19,7,2022
70,26800,Ajmer Shatabdi,20,1,8,Mon,Ajmer,JDP,Dli,Twice in week,1,34,21489,377,30,20,1,13,72,17,9,2022
71,52904,Vande Bharat Express,15,2,5,Mon,Ajmer,Dli,SIKAR,Twice in week,1,13,13761,377,20,34,1,18,65,9,3,2020
72,11448,Vande Bharat Express,23,3,5,Tue,Ajmer,JDP,SIKAR,Weekly,4,26,18833,377,34,30,3,11,70,8,6,2019
73,97348,Rajdhani Express,19,2,6,Mon,Ajmer,Jpr,ALWAR,Daily,3,30,27497,377,25,20,1,4,71,16,6,2019
74,41163,Shatabdi Express,28,2,5,Fri,Ajmer,Jpr,Jpr,Daily,4,33,23845,377,28,26,2,7,70,23,11,2022
75,30055,JBP ALL SPL,22,1,8,Tue,Ajmer,ALWAR,Dli,Twice in week,1,33,15632,377,31,29,3,16,67,17,3,2022
76,42199,JBP ALL SPL,25,1,9,Sun,Ajmer,BKN,Dli,Weekly,5,16,26152,377,22,31,1,23,65,8,6,2021
77,20361,Ashram Express SPL,14,1,5,Sat,Ajmer,SIKAR,Jpr,Twice in week,5,38,12824,377,23,31,2,12,67,22,9,2019
78,19206,Vande Bharat Express,25,1,9,Sat,Ajmer,Dli,UDP,Daily,4,8,15127,377,34,31,2,23,69,27,10,2020
79,72507,CDG ALL G RATH,17,2,7,Sun,Ajmer,BKN,UDP,Weekly,2,14,29634,377,26,32,4,7,67,4,8,2021
80,59657,JBP ALL SPL,22,2,6,Wed,Ajmer,BKN,UDP,Twice in week,1,31,29025,377,29,28,4,9,69,27,5,2021
81,86736,Ashram Express SPL,21,1,6,Tue,Ajmer,ALWAR,Jpr,Daily,4,12,15016,377,33,30,2,12,69,16,5,2022
82,61520,JBP ALL SPL,25,2,9,Sat,Ajmer,SIKAR,SIKAR,Weekly,3,11,23723,377,20,27,1,23,65,6,7,2022
83,67871,HWH JU SPL,10,3,8,Sun,Ajmer,Dli,Jpr,Weekly,1,15,18609,377,34,27,1,17,65,19,3,2020
84,85184,JBP ALL SPL,16,2,8,Thu,Ajmer,ALWAR,UDP,Weekly,5,16,27072,377,28,20,2,22,72,11,1,2022
85,85213,Ashram Express SPL,12,3,6,Sat,Ajmer,SIKAR,Dli,Twice in week,4,3,17631,377,30,30,4,22,68,23,1,2021
86,99701,Shatabdi Express,14,1,7,Tue,Ajmer,UDP,UDP,Twice in week,1,22,22932,377,23,25,1,9,66,12,7,2019
87,92017,CDG ALL G RATH,23,1,7,Sun,Ajmer,Dli,ALWAR,Weekly,4,15,15436,377,25,28,2,12,66,27,10,2022
88,49696,Shatabdi Express,12,3,5,Mon,Ajmer,Dli,SIKAR,Daily,1,13,25198,377,23,23,3,10,68,6,3,2022
89,33645,JBP ALL SPL,21,3,6,Thu,Ajmer,BKN,Jpr,Twice in week,3,7,28653,377,25,29,3,16,65,9,6,2019
90,77351,Vande Bharat Express,15,3,7,Thu,Ajmer,BKN,JDP,Daily,3,27,25264,377,25,25,1,10,72,10,7,2019
91,62014,Double Decker,25,2,7,Fri,Ajmer,UDP,UDP,Weekly,5,10,24804,377,33,34,4,16,69,12,2,2019
92,91895,CDG ALL G RATH,12,1,9,Fri,Ajmer,ALWAR,BKN,Daily,3,32,12436,377,23,27,4,5,70,29,5,2020
93,33387,CDG ALL G RATH,10,2,7,Wed,Ajmer,UDP,Dli,Weekly,3,4,25172,377,23,30,4,18,72,28,7,2019
94,45741,Shatabdi Express,19,2,9,Fri,Ajmer,UDP,SIKAR,Daily,4,11,20733,377,34,23,4,17,72,11,2,2020
95,96145,Double Decker,29,1,8,Wed,Ajmer,Jpr,Jpr,Twice in week,4,7,15550,377,23,24,2,5,69,7,11,2022
96,79863,Ajmer Shatabdi,28,2,6,Sat,Ajmer,Dli,Dli,Daily,5,18,24749,377,20,27,2,19,69,9,8,2019
97,38848,Shatabdi Express,27,3,9,Mon,Ajmer,BKN,ALWAR,Twice in week,3,9,29888,377,21,29,4,19,70,5,11,2022
98,42940,Garbi Rath,18,3,7,Wed,Ajmer,Jpr,ALWAR,Weekly,5,22,19171,377,31,23,2,14,70,1,2,2022
99,37945,JBP ALL SPL,17,2,9,Sun,Ajmer,JDP,Dli,Weekly,2,28,19962,377,29,34,2,23,71,3,3,2019
100,19244,CDG ALL G RATH,25,2,8,Sat,Ajmer,ALWAR,Dli,Daily,3,28,15340,377,24,25,2,7,71,16,4,2020
101,30683,CDG ALL G RATH,13,2,8,Fri,Ajmer,Jpr,BKN,Weekly,2,38,27807,377,31,23,4,21,71,18,10,2019
102,45629,Vande Bharat Express,23,1,9,Thu,Ajmer,Jpr,SIKAR,Twice in week,1,23,22600,377,25,28,2,9,65,11,4,2022
103,48300,Ashram Express SPL,10,2,7,Sat,Ajmer,SIKAR,Dli,Weekly,1,36,16417,377,31,29,4,20,71,18,8,2019
104,38292,JBP ALL SPL,23,1,8,Sat,Ajmer,JDP,UDP,Daily,1,10,19293,377,24,26,2,5,65,17,6,2020
105,42432,Double Decker,13,2,7,Wed,Ajmer,BKN,Jpr,Daily,5,25,11306,377,34,28,4,12,69,29,8,2021
106,80941,Rajdhani Express,26,3,8,Tue,Ajmer,SIKAR,Jpr,Twice in week,5,13,13281,377,25,28,1,15,67,2,2,2019
107,23943,Vande Bharat Express,20,2,7,Thu,Ajmer,UDP,UDP,Twice in week,4,25,26151,377,32,27,2,16,72,7,11,2021
108,15963,CDG ALL G RATH,26,3,6,Mon,Ajmer,Dli,UDP,Daily,1,25,11774,377,23,32,3,14,66,12,3,2022
109,62359,Garbi Rath,15,2,5,Wed,Ajmer,SIKAR,JDP,Weekly,1,22,10254,377,29,21,2,7,69,26,10,2022
110,83419,Ajmer Shatabdi,29,3,7,Fri,Ajmer,JDP,UDP,Twice in week,3,7,14908,377,32,28,1,9,72,23,9,2020
111,91400,Double Decker,19,2,6,Wed,Ajmer,BKN,ALWAR,Twice in week,4,7,21112,377,34,34,4,20,67,6,2,2022
112,31389,Vande Bharat Express,10,3,7,Sat,Ajmer,SIKAR,SIKAR,Daily,2,3,16970,377,22,28,4,20,66,7,7,2019
113,77831,Ajmer Shatabdi,14,1,5,Thu,Ajmer,UDP,Jpr,Weekly,2,4,16429,377,33,21,3,5,68,13,1,2022
114,32596,Shatabdi Express,17,1,9,Sun,Ajmer,SIKAR,JDP,Daily,4,37,15524,377,25,27,4,19,65,12,9,2019
115,83709,JBP ALL SPL,20,2,5,Sat,Ajmer,JDP,SIKAR,Daily,4,39,25258,377,33,25,4,23,68,13,8,2020
116,73200,Shatabdi Express,12,3,7,Mon,Ajmer,BKN,Dli,Twice in week,2,26,19752,377,30,28,4,15,72,2,10,2020
117,69362,Garbi Rath,13,2,7,Fri,Ajmer,SIKAR,ALWAR,Weekly,4,21,24615,377,21,31,2,4,70,4,2,2021
118,66176,CDG ALL G RATH,19,2,6,Mon,Ajmer,UDP,ALWAR,Twice in week,4,22,22872,377,31,28,1,16,68,10,8,2020
119,48481,Shatabdi Express,27,1,9,Wed,Ajmer,UDP,UDP,Weekly,3,21,26163,377,24,31,3,15,72,13,2,2022
120,12599,Ashram Express SPL,26,1,9,Sat,Ajmer,JDP,UDP,Weekly,2,16,28508,377,34,30,1,18,72,15,7,2021
121,13843,HWH JU SPL,19,3,5,Fri,Ajmer,Dli,Dli,Weekly,5,31,23941,377,23,20,2,17,67,3,6,2020
122,70016,HWH JU SPL,21,2,6,Sun,Ajmer,ALWAR,Dli,Weekly,5,39,19272,377,34,27,4,7,69,24,8,2022
123,99083,Shatabdi Express,10,2,5,Mon,Ajmer,UDP,SIKAR,Twice in week,3,27,13887,377,24,31,2,13,70,17,8,2019
124,44973,Garbi Rath,12,1,9,Sun,Ajmer,SIKAR,UDP,Daily,1,38,27613,377,20,23,4,14,67,27,7,2022
125,40100,Vande Bharat Express,26,1,5,Thu,Ajmer,Jpr,ALWAR,Weekly,1,32,14339,377,26,30,1,23,71,13,1,2019
126,16631,JBP ALL SPL,29,1,5,Tue,Ajmer,JDP,BKN,Weekly,4,9,29953,377,23,22,1,20,65,6,10,2019
127,11172,Ajmer Shatabdi,16,2,6,Thu,Ajmer,ALWAR,UDP,Twice in week,2,22,23885,377,29,27,1,4,69,22,5,2022
128,88688,Garbi Rath,28,3,7,Fri,Ajmer,UDP,UDP,Weekly,3,10,20780,377,20,32,4,20,68,9,5,2019
129,59454,Ashram Express SPL,19,2,9,Sat,Ajmer,Jpr,Dli,Daily,5,22,27744,377,20,20,4,4,66,20,6,2022
130,62139,Ajmer Shatabdi,21,3,6,Sun,Ajmer,Dli,JDP,Twice in week,5,15,15375,377,23,30,1,13,71,20,7,2022
131,96230,Rajdhani Express,17,2,6,Sat,Ajmer,JDP,ALWAR,Weekly,2,21,16137,377,25,23,4,19,67,8,6,2022
132,71980,Vande Bharat Express,11,1,5,Thu,Ajmer,Jpr,UDP,Weekly,3,26,21977,377,24,21,4,16,71,25,3,2019
133,88564,Garbi Rath,25,1,9,Sat,Ajmer,Jpr,Jpr,Twice in week,2,30,10203,377,31,21,2,23,68,28,1,2019
134,73674,HWH JU SPL,27,3,8,Sun,Ajmer,Jpr,ALWAR,Daily,1,6,13397,377,27,24,1,14,70,10,1,2020
135,91211,Vande Bharat Express,27,1,9,Sun,Ajmer,Dli,SIKAR,Twice in week,4,11,29161,377,32,20,1,8,69,15,6,2019
136,37111,Vande Bharat Express,15,3,9,Tue,Ajmer,Dli,JDP,Daily,5,14,27680,377,32,26,2,17,69,16,2,2019
137,65960,JBP ALL SPL,19,2,8,Thu,Ajmer,UDP,Dli,Daily,1,5,28829,377,32,23,2,5,69,6,3,2021
138,72548,Rajdhani Express,22,3,6,Wed,Ajmer,ALWAR,Dli,Twice in week,1,30,12793,377,28,31,4,15,65,24,2,2019
139,20002,Ajmer Shatabdi,25,1,5,Tue,Ajmer,UDP,Dli,Daily,1,20,26933,377,24,28,3,23,65,26,5,2022
140,25657,HWH JU SPL,18,3,7,Sat,Ajmer,Dli,JDP,Weekly,2,14,25032,377,24,33,4,15,69,29,4,2019
141,53712,HWH JU SPL,13,2,5,Fri,Ajmer,SIKAR,Dli,Daily,5,15,28912,377,28,21,2,18,69,11,7,2022
142,46924,Garbi Rath,18,1,6,Wed,Ajmer,BKN,Dli,Weekly,5,33,11691,377,33,25,2,14,70,4,9,2022
143,29551,JBP ALL SPL,19,3,6,Wed,Ajmer,ALWAR,UDP,Daily,1,30,12813,377,24,32,2,10,72,26,2,2022
144,45690,Double Decker,12,1,8,Sat,Ajmer,JDP,ALWAR,Weekly,1,22,22609,377,34,26,3,19,69,29,6,2020
145,81457,Garbi Rath,15,1,7,Sat,Ajmer,JDP,SIKAR,Daily,2,8,22751,377,25,26,3,19,69,18,7,2019
146,90015,Shatabdi Express,11,2,7,Wed,Ajmer,UDP,Dli,Weekly,5,23,14331,377,34,21,4,13,68,10,9,2020
147,16831,JBP ALL SPL,20,3,6,Wed,Ajmer,SIKAR,ALWAR,Twice in week,2,29,22520,377,23,25,2,10,72,27,11,2021
148,14272,Shatabdi Express,24,1,7,Thu,Ajmer,Jpr,Jpr,Twice in week,4,25,13526,377,21,31,2,5,69,2,2,2022
149,15326,Ajmer Shatabdi,26,3,8,Fri,Ajmer,Jpr,Dli,Weekly,3,17,18789,377,34,33,4,18,67,30,11,2019
150,49170,Vande Bharat Express,23,1,8,Thu,Ajmer,Dli,ALWAR,Weekly,5,33,27471,377,21,20,2,21,66,8,9,2020
151,62432,HWH JU SPL,17,3,5,Tue,Ajmer,UDP,BKN,Daily,1,38,19352,377,26,26,3,5,72,9,1,2022
152,36870,Garbi Rath,24,3,6,Sat,Ajmer,UDP,JDP,Weekly,4,28,26718,377,28,22,2,5,72,19,7,2019
153,28189,HWH JU SPL,24,1,9,Tue,Ajmer,SIKAR,SIKAR,Weekly,1,22,24347,377,29,29,3,11,67,26,6,2022
154,40315,CDG ALL G RATH,13,1,5,Fri,Ajmer,BKN,BKN,Weekly,1,30,13066,377,28,25,1,6,71,28,6,2022
155,89109,CDG ALL G RATH,18,3,8,Wed,Ajmer,Jpr,SIKAR,Twice in week,5,32,23466,377,28,20,1,5,67,15,4,2019
156,80874,Double Decker,19,2,8,Sat,Ajmer,UDP,SIKAR,Twice in week,5,27,28335,377,34,23,3,11,70,20,8,2022
157,19526,CDG ALL G RATH,27,1,5,Sun,Ajmer,BKN,BKN,Weekly,1,3,16287,377,24,28,1,22,65,9,7,2020
158,69897,Garbi Rath,17,2,5,Sun,Ajmer,Jpr,JDP,Daily,1,7,11266,377,30,24,3,7,66,25,5,2019
159,98116,JBP ALL SPL,10,2,6,Fri,Ajmer,SIKAR,Jpr,Weekly,4,34,29249,377,23,22,4,9,66,30,6,2021
160,78656,CDG ALL G RATH,19,1,6,Wed,Ajmer,JDP,UDP,Daily,3,22,11100,377,26,22,3,19,72,14,6,2021
161,18297,Double Decker,12,3,6,Wed,Ajmer,Dli,SIKAR,Twice in week,3,27,11459,377,22,31,4,6,66,15,3,2020
162,39551,Shatabdi Express,15,1,6,Wed,Ajmer,Dli,JDP,Twice in week,3,39,11014,377,31,31,3,10,69,8,7,2019
163,34844,Double Decker,15,3,6,Sun,Ajmer,Dli,Dli,Weekly,3,13,28611,377,28,29,2,8,65,28,11,2020
164,68428,Ajmer Shatabdi,19,2,6,Wed,Ajmer,Dli,JDP,Weekly,2,6,13766,377,28,22,1,12,66,27,9,2022
165,61121,Vande Bharat Express,19,2,5,Sun,Ajmer,JDP,UDP,Daily,2,15,13330,377,32,31,3,4,68,10,7,2020
166,28420,Vande Bharat Express,10,3,7,Tue,Ajmer,UDP,BKN,Daily,4,7,21013,377,25,22,3,4,69,13,9,2021
167,46633,Garbi Rath,25,2,5,Sun,Ajmer,Jpr,UDP,Twice in week,4,22,19559,377,30,29,2,7,68,24,11,2020
168,28467,Vande Bharat Express,25,2,6,Wed,Ajmer,Jpr,JDP,Daily,3,32,21178,377,34,32,4,21,68,20,11,2022
169,68511,CDG ALL G RATH,19,2,9,Thu,Ajmer,JDP,Jpr,Twice in week,2,3,29399,377,21,34,4,20,65,15,8,2019
170,94505,Ashram Express SPL,18,3,7,Wed,Ajmer,SIKAR,UDP,Weekly,5,18,15682,377,26,33,4,9,69,10,1,2021
171,65477,Rajdhani Express,21,1,9,Mon,Ajmer,Dli,Dli,Daily,1,13,12299,377,30,27,2,12,68,30,8,2022
172,49448,Shatabdi Express,25,3,7,Sat,Ajmer,ALWAR,ALWAR,Daily,2,29,10767,377,34,31,4,21,68,8,10,2021
173,65725,CDG ALL G RATH,26,2,5,Fri,Ajmer,SIKAR,Dli,Weekly,4,3,12292,377,32,23,4,10,65,14,9,2022
174,89352,JBP ALL SPL,11,1,9,Mon,Ajmer,Jpr,BKN,Weekly,3,35,13602,377,29,32,2,22,66,30,2,2021
175,71765,Shatabdi Express,26,2,7,Tue,Ajmer,BKN,BKN,Twice in week,2,32,10589,377,25,23,1,18,66,27,2,2020
176,92226,Rajdhani Express,20,3,5,Thu,Ajmer,SIKAR,JDP,Twice in week,5,4,21122,377,28,27,2,13,67,28,7,2020
177,98320,Ashram Express SPL,28,2,9,Mon,Ajmer,JDP,Dli,Daily,4,29,16014,377,32,25,1,18,66,9,4,2019
178,62544,Rajdhani Express,28,3,7,Thu,Ajmer,Jpr,JDP,Weekly,1,5,20858,377,34,32,4,5,70,1,11,2020
179,65273,Vande Bharat Express,16,3,9,Mon,Ajmer,BKN,SIKAR,Weekly,4,30,19624,377,24,22,2,12,69,7,4,2019
180,55592,Double Decker,16,2,7,Sun,Ajmer,ALWAR,SIKAR,Weekly,5,24,11491,377,28,34,3,14,68,9,7,2022
181,97497,Garbi Rath,20,2,5,Sun,Ajmer,UDP,ALWAR,Daily,1,29,29908,377,32,29,2,20,71,17,8,2022
182,53289,JBP ALL SPL,15,2,9,Wed,Ajmer,Dli,ALWAR,Twice in week,3,11,13462,377,28,33,2,21,68,22,10,2022
183,28630,Rajdhani Express,12,2,7,Thu,Ajmer,ALWAR,Dli,Daily,5,37,13377,377,34,34,1,19,71,18,5,2020
184,25199,Ashram Express SPL,14,1,5,Fri,Ajmer,ALWAR,BKN,Daily,2,16,18849,377,26,31,4,21,70,5,10,2020
185,84439,Ashram Express SPL,29,2,9,Thu,Ajmer,JDP,BKN,Weekly,4,10,28620,377,25,27,3,23,65,12,7,2021
186,94749,Ashram Express SPL,24,2,6,Sat,Ajmer,SIKAR,ALWAR,Twice in week,2,34,19527,377,22,33,1,16,72,19,9,2021
187,69537,HWH JU SPL,26,2,9,Sat,Ajmer,ALWAR,Jpr,Daily,5,8,24581,377,33,25,3,5,66,10,7,2021
188,33968,JBP ALL SPL,17,3,7,Mon,Ajmer,UDP,UDP,Twice in week,3,4,19831,377,22,34,2,10,69,6,3,2019
189,42585,Shatabdi Express,25,1,6,Fri,Ajmer,SIKAR,Dli,Twice in week,1,19,14196,377,33,34,3,9,69,8,8,2020
190,40304,Vande Bharat Express,10,3,9,Sun,Ajmer,ALWAR,UDP,Daily,1,26,23846,377,32,30,1,13,71,19,8,2019
191,80582,Ashram Express SPL,19,2,7,Mon,Ajmer,Jpr,SIKAR,Twice in week,3,7,26275,377,27,22,2,16,72,14,3,2019
192,88977,Vande Bharat Express,14,3,6,Mon,Ajmer,Dli,ALWAR,Weekly,4,28,12748,377,28,28,4,8,70,24,1,2021
193,52599,Garbi Rath,19,3,8,Mon,Ajmer,UDP,UDP,Weekly,3,7,22646,377,20,32,4,4,66,7,10,2020
194,46209,JBP ALL SPL,26,1,9,Tue,Ajmer,UDP,SIKAR,Twice in week,1,29,23445,377,29,34,2,18,72,25,9,2021
195,67478,JBP ALL SPL,28,1,8,Wed,Ajmer,Jpr,Jpr,Twice in week,4,3,25885,377,26,23,4,7,69,8,10,2020
196,28929,CDG ALL G RATH,10,3,6,Thu,Ajmer,Jpr,UDP,Weekly,4,19,11505,377,26,23,2,21,72,6,9,2020
197,97931,Vande Bharat Express,24,3,9,Sun,Ajmer,SIKAR,Dli,Twice in week,2,27,26387,377,26,32,4,7,65,22,4,2019
198,10441,Vande Bharat Express,20,1,6,Tue,Ajmer,SIKAR,UDP,Daily,5,24,18489,377,32,33,4,19,72,21,11,2019
199,66594,JBP ALL SPL,21,3,6,Wed,Ajmer,UDP,Dli,Daily,5,38,12276,377,24,24,4,23,65,13,6,2020
200,92100,Ashram Express SPL,13,2,6,Thu,Ajmer,BKN,Dli,Weekly,2,4,21291,377,26,24,1,15,70,14,6,2021
201,26008,HWH JU SPL,27,1,5,Wed,Ajmer,Dli,JDP,Weekly,4,13,26259,377,29,32,4,15,71,17,7,2022
202,45779,Rajdhani Express,21,3,9,Tue,Ajmer,SIKAR,Dli,Weekly,3,5,16866,377,30,31,3,16,66,12,9,2022
203,78733,HWH JU SPL,21,2,7,Thu,Ajmer,SIKAR,JDP,Twice in week,4,33,11862,377,27,31,1,10,69,27,11,2020
204,68925,Shatabdi Express,27,2,8,Tue,Ajmer,BKN,ALWAR,Weekly,5,27,20178,377,27,34,2,9,66,20,1,2022
205,20953,Ashram Express SPL,29,2,6,Thu,Ajmer,Jpr,Jpr,Twice in week,2,20,24504,377,22,21,3,11,68,29,11,2019
206,46051,Ashram Express SPL,20,1,5,Sun,Ajmer,BKN,UDP,Twice in week,3,15,29571,377,34,22,2,22,68,10,3,2022
207,93321,Vande Bharat Express,22,2,7,Mon,Ajmer,UDP,SIKAR,Weekly,4,20,23910,377,22,31,1,17,71,23,8,2019
208,16089,Garbi Rath,25,3,9,Wed,Ajmer,ALWAR,BKN,Daily,4,13,27246,377,20,31,3,20,70,8,2,2019
209,64213,Garbi Rath,11,1,7,Fri,Ajmer,JDP,SIKAR,Weekly,2,16,17643,377,31,20,1,8,68,18,3,2019
210,40738,Ajmer Shatabdi,18,2,8,Thu,Ajmer,JDP,Dli,Daily,4,38,13329,377,25,24,1,14,67,29,11,2019
211,73912,Ashram Express SPL,29,3,9,Wed,Ajmer,ALWAR,JDP,Twice in week,3,20,24829,377,24,33,1,21,70,21,3,2019
212,82916,JBP ALL SPL,19,1,6,Tue,Ajmer,SIKAR,BKN,Twice in week,1,23,24421,377,30,29,4,4,72,29,4,2020
213,51571,Ashram Express SPL,19,3,5,Mon,Ajmer,JDP,JDP,Daily,4,38,22712,377,25,22,1,9,72,13,11,2020
214,23309,CDG ALL G RATH,18,3,8,Tue,Ajmer,Jpr,SIKAR,Twice in week,3,18,29596,377,26,22,2,5,67,1,8,2022
215,74017,HWH JU SPL,22,1,7,Tue,Ajmer,BKN,Jpr,Twice in week,5,27,10666,377,25,21,4,14,71,16,6,2019
216,26575,Vande Bharat Express,29,3,7,Sat,Ajmer,JDP,JDP,Twice in week,5,17,24097,377,23,22,4,21,66,12,5,2022
217,25137,Ashram Express SPL,23,2,7,Wed,Ajmer,ALWAR,JDP,Weekly,3,16,20101,377,20,32,1,20,69,28,2,2019
218,14774,Ajmer Shatabdi,23,3,6,Fri,Ajmer,BKN,Jpr,Daily,1,19,20437,377,33,25,1,21,70,12,7,2019
219,21376,JBP ALL SPL,25,3,6,Wed,Ajmer,UDP,UDP,Daily,1,31,13953,377,33,32,4,20,69,3,3,2020
220,42354,Vande Bharat Express,14,3,8,Tue,Ajmer,ALWAR,Jpr,Daily,2,30,15152,377,25,23,4,23,69,4,6,2020
221,21042,Vande Bharat Express,27,3,9,Mon,Ajmer,UDP,SIKAR,Daily,4,18,25277,377,22,25,3,16,69,16,3,2020
222,10739,Ajmer Shatabdi,24,1,8,Wed,Ajmer,ALWAR,UDP,Daily,2,32,14296,377,31,22,3,5,66,30,1,2020
223,41930,Vande Bharat Express,10,2,8,Tue,Ajmer,ALWAR,BKN,Weekly,5,4,27488,377,26,27,4,15,66,7,5,2021
224,84854,Rajdhani Express,16,3,6,Tue,Ajmer,JDP,JDP,Twice in week,1,6,12791,377,26,25,2,9,69,28,8,2020
225,54645,JBP ALL SPL,14,3,9,Fri,Ajmer,Dli,BKN,Weekly,3,15,21434,377,28,22,1,9,70,21,1,2020
226,74098,HWH JU SPL,22,3,9,Mon,Ajmer,Jpr,SIKAR,Weekly,1,5,15332,377,33,31,1,6,70,7,7,2019
227,72778,Rajdhani Express,18,3,7,Wed,Ajmer,JDP,BKN,Daily,1,22,12216,377,21,26,4,7,70,7,8,2020
228,29824,Double Decker,26,1,7,Mon,Ajmer,UDP,UDP,Daily,2,7,19434,377,24,20,2,17,67,4,7,2019
229,22190,CDG ALL G RATH,24,3,6,Thu,Ajmer,JDP,BKN,Twice in week,2,22,21736,377,25,23,2,10,67,21,1,2021
230,46982,JBP ALL SPL,23,2,9,Sun,Ajmer,BKN,UDP,Daily,4,17,16909,377,23,20,1,14,71,14,10,2019
231,63417,Rajdhani Express,26,3,8,Mon,Ajmer,ALWAR,JDP,Twice in week,1,32,14922,377,26,28,3,21,66,22,10,2020
232,20515,Ajmer Shatabdi,21,2,7,Tue,Ajmer,JDP,Dli,Weekly,2,16,11428,377,34,32,4,16,67,20,9,2020
233,75656,JBP ALL SPL,29,1,6,Sat,Ajmer,SIKAR,SIKAR,Daily,2,35,24114,377,31,29,3,11,65,6,1,2021
234,83255,JBP ALL SPL,10,2,6,Sun,Ajmer,Jpr,UDP,Daily,1,20,24562,377,27,29,4,21,72,12,6,2019
235,23681,Garbi Rath,14,1,7,Sun,Ajmer,Jpr,Dli,Weekly,1,14,24357,377,24,27,3,11,66,25,10,2022
236,64685,Ashram Express SPL,17,2,8,Mon,Ajmer,SIKAR,Dli,Daily,5,13,18476,377,29,22,1,7,68,3,9,2019
237,21447,JBP ALL SPL,29,3,6,Sat,Ajmer,BKN,Dli,Twice in week,3,6,14831,377,32,23,2,20,69,8,9,2019
238,72469,Shatabdi Express,24,3,5,Sat,Ajmer,ALWAR,UDP,Weekly,3,25,26252,377,32,28,1,22,67,28,7,2022
239,23468,Vande Bharat Express,19,3,5,Thu,Ajmer,UDP,ALWAR,Twice in week,5,21,18755,377,28,24,3,5,71,20,11,2022
240,66942,Rajdhani Express,17,2,8,Wed,Ajmer,BKN,UDP,Twice in week,4,17,18676,377,25,25,2,15,68,4,10,2022
241,41297,Vande Bharat Express,13,2,5,Sat,Ajmer,BKN,JDP,Weekly,3,5,20805,377,23,31,1,20,71,7,11,2019
242,21814,Ashram Express SPL,24,1,8,Sun,Ajmer,SIKAR,ALWAR,Weekly,1,36,16624,377,32,33,3,17,65,2,10,2020
243,44162,Double Decker,27,2,8,Thu,Ajmer,BKN,SIKAR,Daily,1,24,14774,377,24,33,2,23,66,10,6,2019
244,91408,CDG ALL G RATH,22,2,7,Wed,Ajmer,Dli,ALWAR,Daily,3,24,15963,377,21,34,1,8,70,29,2,2022
245,20336,Shatabdi Express,28,2,9,Sun,Ajmer,UDP,Dli,Weekly,1,39,18723,377,29,26,3,19,72,27,3,2022
246,51599,Ajmer Shatabdi,13,3,6,Fri,Ajmer,BKN,Jpr,Daily,4,30,16261,377,30,21,2,23,67,18,10,2021
247,34169,Garbi Rath,28,2,7,Wed,Ajmer,Jpr,UDP,Weekly,4,36,11181,377,20,34,3,14,70,20,8,2020
248,19248,HWH JU SPL,16,2,5,Mon,Ajmer,Dli,BKN,Twice in week,4,15,15007,377,28,21,4,9,66,30,6,2020
249,37856,JBP ALL SPL,14,1,9,Tue,Ajmer,BKN,Jpr,Daily,4,28,27565,377,21,29,4,12,72,26,2,2019
250,59740,HWH JU SPL,17,1,6,Fri,Ajmer,UDP,UDP,Twice in week,2,5,10997,377,24,27,3,5,65,30,2,2019
251,84142,Ajmer Shatabdi,27,1,8,Tue,Ajmer,BKN,ALWAR,Weekly,4,25,16802,377,32,27,4,17,66,8,1,2019
252,24108,Ajmer Shatabdi,15,1,8,Mon,Ajmer,ALWAR,JDP,Weekly,5,20,10015,377,32,32,2,10,68,15,4,2021
253,77303,Vande Bharat Express,21,3,7,Tue,Ajmer,JDP,BKN,Daily,4,18,15767,377,30,28,1,11,70,1,2,2021
254,77662,Ajmer Shatabdi,27,3,7,Wed,Ajmer,Dli,Dli,Daily,5,20,22048,377,27,32,4,23,72,22,8,2020
255,64926,Rajdhani Express,10,1,9,Wed,Ajmer,UDP,UDP,Weekly,4,18,13375,377,21,21,3,23,65,4,6,2020
256,10147,Ajmer Shatabdi,10,2,7,Wed,Ajmer,ALWAR,JDP,Weekly,3,9,13088,377,34,28,4,19,68,18,3,2021
257,24889,Garbi Rath,12,2,6,Thu,Ajmer,Jpr,Jpr,Weekly,2,12,18687,377,28,20,1,16,66,10,1,2022
258,39879,Double Decker,12,2,9,Wed,Ajmer,SIKAR,Dli,Twice in week,2,12,23149,377,22,24,3,12,68,11,5,2019
259,45240,Ashram Express SPL,13,2,9,Sun,Ajmer,UDP,UDP,Twice in week,2,36,25131,377,34,23,4,21,69,19,8,2022
260,29636,Ajmer Shatabdi,24,3,6,Sat,Ajmer,SIKAR,Jpr,Weekly,3,8,26159,377,21,24,3,8,65,10,10,2022
261,42655,Shatabdi Express,11,3,9,Sat,Ajmer,Dli,Dli,Twice in week,2,17,27497,377,33,21,3,4,66,20,11,2019
262,46319,Rajdhani Express,12,1,5,Thu,Ajmer,SIKAR,ALWAR,Daily,3,10,10440,377,30,32,3,16,65,20,7,2020
263,52407,HWH JU SPL,21,2,7,Mon,Ajmer,UDP,Jpr,Weekly,1,30,16004,377,22,27,1,20,67,28,2,2019
264,51963,Vande Bharat Express,16,3,8,Mon,Ajmer,Jpr,SIKAR,Daily,1,26,13849,377,26,20,3,5,65,8,6,2020
265,85274,CDG ALL G RATH,28,1,8,Wed,Ajmer,Jpr,Jpr,Twice in week,4,23,14816,377,22,33,3,23,67,1,11,2021
266,78798,Ashram Express SPL,16,1,6,Thu,Ajmer,ALWAR,Dli,Weekly,1,22,21716,377,33,27,2,19,66,13,11,2020
267,73059,Double Decker,16,2,8,Tue,Ajmer,SIKAR,Dli,Weekly,5,17,25878,377,23,33,4,8,71,3,7,2022
268,38614,CDG ALL G RATH,23,2,7,Tue,Ajmer,Dli,SIKAR,Daily,2,28,22653,377,26,22,4,14,70,13,2,2019
269,39529,JBP ALL SPL,12,2,9,Fri,Ajmer,ALWAR,Dli,Weekly,2,33,24472,377,28,23,4,17,65,1,7,2019
270,55763,Rajdhani Express,26,1,8,Wed,Ajmer,SIKAR,Jpr,Twice in week,1,18,15291,377,30,24,1,15,72,16,5,2022
271,66447,JBP ALL SPL,15,3,7,Wed,Ajmer,ALWAR,UDP,Daily,2,5,24758,377,34,34,2,19,70,27,6,2021
272,57610,Vande Bharat Express,11,3,8,Wed,Ajmer,Dli,JDP,Twice in week,2,22,21450,377,28,34,2,17,67,1,1,2021
273,16868,Shatabdi Express,12,1,6,Sun,Ajmer,SIKAR,Dli,Twice in week,5,37,11945,377,27,28,1,8,71,6,3,2022
274,94621,Double Decker,10,3,5,Sat,Ajmer,SIKAR,ALWAR,Weekly,5,13,28720,377,23,30,3,14,72,26,9,2021
275,80591,Ashram Express SPL,25,1,7,Fri,Ajmer,BKN,BKN,Daily,1,35,19192,377,30,27,1,16,71,7,4,2019
276,40027,Vande Bharat Express,25,3,9,Tue,Ajmer,SIKAR,BKN,Daily,3,22,21812,377,28,32,3,13,70,29,3,2022
277,45460,HWH JU SPL,21,1,5,Tue,Ajmer,Jpr,BKN,Daily,3,8,16975,377,21,22,2,9,65,19,8,2019
278,54552,JBP ALL SPL,10,1,5,Thu,Ajmer,Dli,JDP,Daily,5,36,25952,377,31,29,4,11,71,29,7,2020
279,33057,Ajmer Shatabdi,11,2,6,Wed,Ajmer,SIKAR,SIKAR,Twice in week,5,34,15679,377,20,20,1,8,72,21,2,2021
280,40705,Ashram Express SPL,17,1,5,Fri,Ajmer,Dli,JDP,Weekly,2,26,22840,377,20,31,4,10,71,30,8,2020
281,56159,Shatabdi Express,20,2,5,Sun,Ajmer,SIKAR,Dli,Twice in week,2,25,14213,377,22,21,2,10,67,13,6,2021
282,32596,Garbi Rath,24,3,9,Tue,Ajmer,BKN,Jpr,Daily,2,26,26046,377,27,23,3,13,65,2,5,2019
283,75177,Rajdhani Express,26,2,8,Sun,Ajmer,Dli,SIKAR,Weekly,4,16,10768,377,22,27,2,13,70,12,3,2022
284,44105,Ajmer Shatabdi,18,3,9,Thu,Ajmer,JDP,JDP,Twice in week,1,23,22111,377,34,34,3,5,71,17,2,2020
285,11405,Double Decker,20,2,9,Mon,Ajmer,BKN,Dli,Daily,1,10,18784,377,27,24,2,14,72,8,11,2020
286,20930,Rajdhani Express,21,2,5,Sat,Ajmer,Dli,SIKAR,Twice in week,4,38,23775,377,34,27,3,20,71,26,1,2019
287,47170,JBP ALL SPL,18,1,7,Tue,Ajmer,JDP,UDP,Weekly,5,36,23720,377,29,20,2,21,72,29,10,2020
288,35038,Double Decker,19,1,9,Wed,Ajmer,JDP,Dli,Daily,2,18,11301,377,30,22,2,21,67,30,4,2021
289,37785,Ajmer Shatabdi,19,3,5,Thu,Ajmer,ALWAR,BKN,Twice in week,1,30,15970,377,25,28,1,16,71,10,6,2021
290,10246,JBP ALL SPL,15,1,8,Sun,Ajmer,UDP,Jpr,Weekly,5,4,11948,377,31,27,3,18,66,22,10,2022
291,86701,Rajdhani Express,23,1,7,Tue,Ajmer,JDP,ALWAR,Twice in week,3,4,19395,377,33,28,2,23,70,13,11,2021
292,24416,Ajmer Shatabdi,17,2,7,Wed,Ajmer,ALWAR,Jpr,Weekly,5,22,14302,377,31,26,3,8,72,22,6,2021
293,22072,Vande Bharat Express,22,2,8,Mon,Ajmer,BKN,UDP,Daily,5,38,17802,377,25,33,2,7,70,8,7,2022
294,67126,Shatabdi Express,16,1,6,Sat,Ajmer,Dli,Dli,Daily,1,33,16763,377,31,23,2,20,70,21,5,2019
295,98380,Vande Bharat Express,13,3,9,Sun,Ajmer,Jpr,Dli,Weekly,3,7,18156,377,23,25,1,20,71,11,10,2022
296,25629,JBP ALL SPL,11,2,9,Mon,Ajmer,Dli,UDP,Daily,3,14,16496,377,24,27,4,9,67,17,2,2019
297,32135,Ajmer Shatabdi,11,1,8,Wed,Ajmer,ALWAR,JDP,Daily,5,36,18698,377,27,25,3,4,68,16,5,2021
298,47901,Shatabdi Express,20,1,6,Fri,Ajmer,Dli,Dli,Weekly,5,22,22489,377,29,30,4,11,70,13,1,2021
299,73735,Ajmer Shatabdi,20,1,8,Sun,Ajmer,BKN,Dli,Daily,4,7,10773,377,22,22,1,18,72,4,3,2019
300,99784,Vande Bharat Express,14,3,5,Fri,Ajmer,Dli,Dli,Twice in week,3,21,16551,377,29,29,1,16,72,29,10,2020
301,82391,Ashram Express SPL,24,1,9,Fri,Ajmer,BKN,ALWAR,Daily,3,29,25871,377,30,24,4,6,71,30,4,2020
302,29665,CDG ALL G RATH,21,1,7,Sat,Ajmer,SIKAR,JDP,Twice in week,5,17,24319,377,24,34,1,15,69,11,8,2020
303,14309,Vande Bharat Express,25,2,5,Wed,Ajmer,SIKAR,UDP,Daily,2,11,17351,377,22,25,4,15,71,24,2,2020
304,95156,Vande Bharat Express,19,2,5,Thu,Ajmer,JDP,Dli,Weekly,5,24,10862,377,24,33,2,17,69,21,9,2021
305,21954,Garbi Rath,27,1,7,Fri,Ajmer,ALWAR,BKN,Twice in week,1,5,14809,377,30,28,1,14,70,13,7,2021
306,26499,Double Decker,21,1,9,Sun,Ajmer,ALWAR,BKN,Daily,1,31,26588,377,31,23,3,12,72,11,8,2021
307,72843,Vande Bharat Express,24,3,6,Wed,Ajmer,Dli,UDP,Twice in week,2,37,22956,377,34,32,4,17,65,28,6,2022
308,65512,Ashram Express SPL,20,2,9,Tue,Ajmer,SIKAR,Jpr,Daily,2,38,11791,377,26,26,3,22,67,26,10,2021
309,46805,CDG ALL G RATH,14,1,7,Sat,Ajmer,ALWAR,SIKAR,Weekly,2,37,29185,377,22,29,4,22,71,11,2,2022
310,55574,Shatabdi Express,17,2,5,Sat,Ajmer,JDP,JDP,Daily,4,35,12770,377,32,31,2,10,68,14,9,2020
311,60379,Double Decker,17,3,7,Thu,Ajmer,Jpr,ALWAR,Weekly,3,28,28329,377,33,31,3,13,66,26,1,2021
312,77465,Vande Bharat Express,27,3,5,Thu,Ajmer,Jpr,Dli,Weekly,2,33,27159,377,22,22,2,4,67,9,10,2020
313,93595,CDG ALL G RATH,26,1,5,Mon,Ajmer,BKN,JDP,Weekly,5,6,24013,377,26,26,4,12,65,15,2,2021
314,10669,Garbi Rath,29,3,5,Sat,Ajmer,JDP,ALWAR,Daily,4,16,22153,377,20,29,1,22,72,7,3,2021
315,42244,Ajmer Shatabdi,27,2,6,Sat,Ajmer,BKN,UDP,Daily,5,9,18076,377,33,28,2,15,68,26,9,2020
316,63014,Shatabdi Express,24,2,8,Thu,Ajmer,BKN,Jpr,Daily,3,17,29311,377,34,21,2,10,65,6,5,2022
317,84784,JBP ALL SPL,29,1,7,Wed,Ajmer,SIKAR,Dli,Twice in week,4,6,13729,377,31,32,3,21,66,29,5,2022
318,31665,JBP ALL SPL,21,3,7,Fri,Ajmer,JDP,Jpr,Twice in week,4,20,10107,377,33,24,3,5,69,19,11,2019
319,47523,JBP ALL SPL,25,2,7,Wed,Ajmer,Jpr,JDP,Weekly,1,34,22105,377,31,32,3,4,67,9,2,2019
320,46263,CDG ALL G RATH,24,3,6,Sun,Ajmer,JDP,BKN,Daily,5,22,22727,377,31,24,4,5,67,30,5,2022
321,86478,Shatabdi Express,21,1,5,Sun,Ajmer,BKN,BKN,Twice in week,2,32,20391,377,31,29,1,9,69,4,11,2019
322,40397,Shatabdi Express,29,3,7,Sun,Ajmer,Jpr,Dli,Daily,3,13,17264,377,21,30,2,8,67,24,3,2020
323,48191,Garbi Rath,19,1,7,Thu,Ajmer,UDP,UDP,Daily,4,20,29818,377,27,26,4,23,65,14,7,2021
324,57129,Double Decker,13,1,9,Sun,Ajmer,SIKAR,JDP,Weekly,4,26,13047,377,22,29,4,9,68,1,2,2019
325,34016,Garbi Rath,23,3,5,Sun,Ajmer,UDP,Dli,Daily,1,11,11615,377,27,33,3,23,68,23,3,2021
326,12820,Double Decker,10,3,7,Thu,Ajmer,UDP,Dli,Weekly,3,15,26888,377,31,27,4,11,70,24,7,2021
327,84389,Shatabdi Express,18,3,9,Sat,Ajmer,UDP,Dli,Weekly,3,39,10491,377,25,22,3,11,70,21,1,2019
328,37305,Shatabdi Express,28,2,5,Fri,Ajmer,Jpr,Jpr,Twice in week,3,15,14499,377,34,29,2,12,69,13,1,2020
329,30392,Shatabdi Express,10,1,7,Thu,Ajmer,UDP,Dli,Daily,4,35,13435,377,32,33,2,15,69,24,10,2019
330,92792,Ajmer Shatabdi,27,2,5,Fri,Ajmer,JDP,ALWAR,Twice in week,2,8,21099,377,26,29,1,4,72,8,6,2019
331,89366,Garbi Rath,22,2,9,Wed,Ajmer,UDP,BKN,Weekly,5,38,24203,377,29,31,4,15,71,5,1,2020
332,15459,Garbi Rath,23,3,6,Thu,Ajmer,SIKAR,Jpr,Weekly,2,19,12295,377,32,21,2,18,65,8,7,2021
333,86730,Vande Bharat Express,11,3,7,Fri,Ajmer,Jpr,Jpr,Weekly,1,31,19861,377,23,23,2,19,69,12,4,2021
334,52826,HWH JU SPL,20,3,5,Sat,Ajmer,UDP,SIKAR,Weekly,1,21,25410,377,26,31,3,9,66,7,7,2020
335,42743,Garbi Rath,16,1,9,Tue,Ajmer,JDP,JDP,Weekly,4,31,19765,377,25,27,3,17,68,25,1,2020
336,51661,HWH JU SPL,24,3,6,Tue,Ajmer,Jpr,ALWAR,Daily,3,30,17789,377,24,25,3,12,72,24,9,2019
337,94340,Shatabdi Express,29,2,5,Sat,Ajmer,SIKAR,Dli,Twice in week,4,35,14918,377,29,28,3,17,67,4,2,2020
338,69112,Garbi Rath,12,2,8,Fri,Ajmer,JDP,Jpr,Twice in week,3,5,22599,377,34,26,2,5,65,11,7,2019
339,83385,Ashram Express SPL,17,3,8,Thu,Ajmer,JDP,BKN,Weekly,3,20,17190,377,27,33,2,17,71,30,4,2021
340,28609,Vande Bharat Express,27,1,8,Thu,Ajmer,BKN,JDP,Weekly,1,28,28851,377,20,25,2,5,65,7,5,2019
341,66206,Garbi Rath,19,2,8,Wed,Ajmer,Jpr,UDP,Twice in week,1,26,18154,377,33,22,2,5,70,23,9,2020
342,93118,Shatabdi Express,25,2,8,Sun,Ajmer,UDP,SIKAR,Weekly,3,38,24740,377,32,30,1,17,71,14,11,2022
343,17083,Ashram Express SPL,10,3,7,Thu,Ajmer,Dli,JDP,Daily,2,34,27978,377,25,32,2,7,70,25,9,2021
344,74265,Shatabdi Express,29,1,6,Sat,Ajmer,Jpr,UDP,Weekly,3,25,29989,377,22,20,1,21,71,25,9,2021
345,59470,Shatabdi Express,18,3,7,Wed,Ajmer,ALWAR,SIKAR,Weekly,4,18,24590,377,23,22,4,11,66,6,1,2019
346,81157,Garbi Rath,24,3,6,Wed,Ajmer,Jpr,ALWAR,Daily,3,4,16012,377,31,26,4,10,72,21,9,2019
347,79383,Ashram Express SPL,20,1,5,Wed,Ajmer,SIKAR,Dli,Twice in week,5,24,13977,377,22,31,4,12,69,15,8,2019
348,14332,Double Decker,14,2,8,Wed,Ajmer,ALWAR,JDP,Twice in week,4,7,13836,377,25,28,1,19,71,8,9,2020
349,27195,JBP ALL SPL,13,3,9,Tue,Ajmer,SIKAR,Jpr,Daily,1,13,12781,377,22,32,4,15,68,24,8,2021
350,61451,Ajmer Shatabdi,10,3,5,Fri,Ajmer,Dli,UDP,Weekly,2,31,15756,377,20,28,1,20,66,13,2,2021
351,65865,Shatabdi Express,17,1,7,Sat,Ajmer,ALWAR,Dli,Weekly,2,21,14154,377,31,26,2,22,69,24,7,2019
352,53922,Shatabdi Express,12,1,5,Sat,Ajmer,ALWAR,SIKAR,Weekly,1,23,19432,377,33,31,4,8,69,14,4,2021
353,30736,JBP ALL SPL,14,2,5,Mon,Ajmer,SIKAR,SIKAR,Weekly,1,35,24695,377,29,29,4,7,72,21,4,2020
354,10323,Shatabdi Express,16,3,8,Fri,Ajmer,JDP,BKN,Twice in week,1,11,15943,377,34,21,3,6,67,18,4,2021
355,40773,CDG ALL G RATH,25,3,6,Thu,Ajmer,Jpr,BKN,Daily,5,16,24996,377,25,33,3,19,71,8,4,2020
356,24998,JBP ALL SPL,28,1,6,Tue,Ajmer,SIKAR,BKN,Daily,5,24,10637,377,27,21,2,11,71,17,8,2022
357,75639,CDG ALL G RATH,24,2,5,Sun,Ajmer,ALWAR,UDP,Daily,2,23,26195,377,34,26,1,16,68,26,5,2020
358,93669,JBP ALL SPL,25,3,8,Sat,Ajmer,JDP,Jpr,Weekly,3,28,22151,377,22,22,3,11,72,10,6,2020
359,76179,Ajmer Shatabdi,11,1,9,Wed,Ajmer,Jpr,Jpr,Weekly,4,28,14933,377,20,21,3,16,72,17,4,2022
360,85961,Shatabdi Express,21,3,7,Fri,Ajmer,BKN,JDP,Twice in week,5,11,19824,377,25,27,2,10,71,28,7,2020
361,27433,Rajdhani Express,15,3,7,Wed,Ajmer,BKN,Dli,Weekly,1,30,22507,377,29,31,4,10,72,1,9,2020
362,43469,Rajdhani Express,27,2,6,Wed,Ajmer,Jpr,BKN,Weekly,5,35,26709,377,31,21,4,9,67,4,3,2021
363,67107,Ajmer Shatabdi,18,1,6,Sun,Ajmer,BKN,ALWAR,Twice in week,4,38,16522,377,20,29,2,4,72,5,1,2021
364,84960,Rajdhani Express,28,2,7,Thu,Ajmer,ALWAR,Dli,Daily,4,5,19133,377,23,30,4,8,67,10,2,2020
365,84226,Garbi Rath,13,3,5,Sun,Ajmer,UDP,UDP,Twice in week,4,34,22550,377,27,22,3,6,69,30,8,2022
366,32166,Vande Bharat Express,22,1,6,Wed,Ajmer,Dli,ALWAR,Twice in week,2,13,26837,377,26,21,1,18,65,25,11,2021
367,92072,Vande Bharat Express,15,3,6,Mon,Ajmer,SIKAR,Dli,Daily,2,19,13389,377,30,34,3,21,68,17,7,2022
368,35217,Shatabdi Express,26,2,6,Wed,Ajmer,Jpr,Jpr,Twice in week,1,9,26558,377,21,21,2,6,65,24,6,2019
369,37700,JBP ALL SPL,22,3,5,Wed,Ajmer,ALWAR,Jpr,Weekly,1,27,15162,377,25,24,3,4,69,11,5,2021
370,96126,HWH JU SPL,26,3,6,Thu,Ajmer,Dli,JDP,Twice in week,2,39,11139,377,26,33,1,9,72,16,5,2020
371,39807,Double Decker,28,1,6,Sun,Ajmer,UDP,Jpr,Daily,2,14,18983,377,34,29,3,23,66,24,4,2021
372,49171,Ajmer Shatabdi,19,3,5,Fri,Ajmer,ALWAR,ALWAR,Daily,4,28,20248,377,34,27,3,10,67,28,6,2021
373,16330,Double Decker,20,2,7,Tue,Ajmer,Dli,SIKAR,Weekly,4,10,15511,377,25,22,4,16,67,19,3,2022
374,54575,Ajmer Shatabdi,13,3,6,Fri,Ajmer,SIKAR,BKN,Daily,5,29,13301,377,26,23,2,6,67,10,10,2020
375,47813,Rajdhani Express,26,3,9,Fri,Ajmer,ALWAR,ALWAR,Twice in week,4,21,12997,377,27,33,2,13,69,23,7,2022
376,74034,HWH JU SPL,22,3,8,Thu,Ajmer,UDP,SIKAR,Daily,2,10,29934,377,29,25,4,20,71,24,8,2021
377,62244,Double Decker,17,1,7,Mon,Ajmer,Dli,JDP,Weekly,2,28,20567,377,22,25,2,20,72,24,11,2022
378,15547,Double Decker,11,1,7,Fri,Ajmer,Dli,ALWAR,Weekly,3,20,22167,377,25,31,1,11,69,21,1,2021
379,68586,HWH JU SPL,16,1,7,Mon,Ajmer,Dli,SIKAR,Twice in week,2,14,12482,377,33,23,4,4,71,7,8,2022
380,24157,Shatabdi Express,26,2,7,Fri,Ajmer,SIKAR,SIKAR,Twice in week,1,36,29782,377,32,23,1,12,66,2,4,2022
381,93170,Vande Bharat Express,16,1,8,Fri,Ajmer,SIKAR,Jpr,Weekly,5,25,26264,377,26,20,4,22,67,8,2,2021
382,87570,Ashram Express SPL,23,2,5,Wed,Ajmer,BKN,Jpr,Twice in week,3,4,26384,377,28,27,1,5,72,9,4,2019
383,92072,Shatabdi Express,12,1,6,Sun,Ajmer,JDP,BKN,Twice in week,5,22,14855,377,28,24,1,11,67,24,8,2022
384,99570,Vande Bharat Express,17,1,6,Tue,Ajmer,BKN,BKN,Weekly,4,23,19797,377,30,33,1,7,72,1,2,2019
385,83749,Rajdhani Express,19,2,9,Tue,Ajmer,ALWAR,UDP,Twice in week,3,27,28557,377,34,34,2,16,72,18,3,2021
386,10754,Garbi Rath,10,3,6,Mon,Ajmer,BKN,SIKAR,Weekly,2,18,15280,377,24,28,2,17,67,16,11,2019
387,10353,Double Decker,13,1,9,Sun,Ajmer,JDP,Dli,Daily,4,34,21247,377,27,20,3,4,72,27,3,2019
388,73636,Ajmer Shatabdi,25,1,7,Tue,Ajmer,UDP,SIKAR,Weekly,2,23,18480,377,31,31,3,21,68,3,1,2019
389,59860,Rajdhani Express,17,3,9,Fri,Ajmer,ALWAR,BKN,Daily,1,8,20849,377,27,25,4,22,66,14,3,2022
390,35642,HWH JU SPL,11,1,6,Mon,Ajmer,BKN,JDP,Daily,4,30,18610,377,28,28,1,18,69,24,8,2020
391,85035,HWH JU SPL,19,3,5,Fri,Ajmer,Jpr,Jpr,Daily,3,31,19735,377,23,24,3,13,70,4,2,2019
392,51512,Rajdhani Express,24,2,6,Tue,Ajmer,Dli,Dli,Weekly,1,21,16062,377,33,29,1,17,66,21,6,2021
393,52602,Double Decker,26,1,5,Fri,Ajmer,JDP,Dli,Twice in week,1,31,19644,377,30,24,3,8,69,22,3,2020
394,50244,Double Decker,24,2,5,Tue,Ajmer,JDP,SIKAR,Weekly,4,27,17124,377,26,34,3,20,70,24,10,2022
395,12031,Garbi Rath,19,2,7,Tue,Ajmer,BKN,BKN,Weekly,1,31,24644,377,21,30,1,15,67,4,11,2020
396,18585,HWH JU SPL,25,2,6,Sat,Ajmer,SIKAR,Jpr,Twice in week,2,33,24832,377,27,26,1,4,65,28,11,2021
397,55684,Rajdhani Express,16,3,9,Thu,Ajmer,BKN,SIKAR,Twice in week,5,11,21932,377,20,32,3,16,71,3,2,2022
398,76482,Ashram Express SPL,14,3,8,Mon,Ajmer,Dli,Dli,Weekly,5,18,24683,377,34,32,3,20,65,15,11,2019
399,55569,Ashram Express SPL,19,3,9,Sun,Ajmer,UDP,ALWAR,Daily,3,20,12224,377,32,29,1,21,69,24,9,2019
400,21375,Double Decker,27,1,8,Wed,Ajmer,BKN,Jpr,Twice in week,5,24,24828,377,20,34,1,14,71,22,7,2021
401,75459,Double Decker,22,2,7,Wed,Ajmer,Jpr,JDP,Daily,3,20,20018,377,23,22,3,22,66,19,2,2021
402,74696,Ashram Express SPL,17,2,5,Thu,Ajmer,ALWAR,BKN,Twice in week,4,33,29041,377,33,22,3,10,70,3,4,2019
403,75789,Ashram Express SPL,19,2,9,Sun,Ajmer,ALWAR,JDP,Weekly,4,5,13470,377,22,34,2,9,67,30,8,2021
404,32036,Rajdhani Express,19,2,6,Fri,Ajmer,UDP,Dli,Twice in week,4,35,11216,377,29,28,1,17,69,20,1,2019
405,42314,Vande Bharat Express,23,2,6,Sat,Ajmer,UDP,UDP,Weekly,1,16,22592,377,23,20,1,8,65,16,2,2021
406,82792,Garbi Rath,25,2,5,Fri,Ajmer,ALWAR,BKN,Weekly,3,12,16394,377,28,26,2,11,65,14,9,2021
407,31167,HWH JU SPL,26,1,7,Sat,Ajmer,UDP,UDP,Daily,1,31,17676,377,26,27,3,14,69,29,8,2022
408,25781,Vande Bharat Express,27,3,5,Mon,Ajmer,ALWAR,JDP,Daily,2,32,16244,377,20,26,2,9,72,11,5,2022
409,84298,JBP ALL SPL,20,2,6,Wed,Ajmer,BKN,SIKAR,Weekly,1,24,23991,377,33,29,2,18,71,13,5,2020
410,50049,HWH JU SPL,15,2,7,Sat,Ajmer,SIKAR,SIKAR,Twice in week,3,7,20422,377,32,29,2,9,72,1,2,2022
411,34238,Vande Bharat Express,25,1,5,Sat,Ajmer,UDP,JDP,Twice in week,5,32,14167,377,22,26,2,18,69,15,7,2021
412,38066,Rajdhani Express,13,2,9,Sun,Ajmer,SIKAR,UDP,Twice in week,3,34,12025,377,21,24,4,19,67,1,11,2021
413,44665,Ashram Express SPL,18,1,8,Tue,Ajmer,JDP,ALWAR,Daily,2,12,17862,377,22,20,1,12,70,22,10,2020
414,83098,Shatabdi Express,15,3,9,Sun,Ajmer,Dli,ALWAR,Twice in week,2,39,10655,377,33,26,1,15,72,26,2,2019
415,13992,Double Decker,19,3,7,Sun,Ajmer,UDP,Dli,Twice in week,1,32,23494,377,34,30,4,16,71,7,7,2021
416,26824,Rajdhani Express,29,2,9,Sun,Ajmer,Jpr,JDP,Twice in week,4,11,21043,377,28,22,2,16,71,18,8,2021
417,45678,HWH JU SPL,22,3,9,Fri,Ajmer,Jpr,SIKAR,Daily,1,33,14780,377,29,23,1,11,68,26,7,2020
418,87971,Ashram Express SPL,28,2,8,Tue,Ajmer,BKN,ALWAR,Twice in week,1,21,25898,377,26,30,3,6,68,29,2,2022
419,49541,Double Decker,16,2,9,Fri,Ajmer,UDP,UDP,Twice in week,4,22,16758,377,32,21,2,14,70,29,11,2022
420,64431,HWH JU SPL,26,3,7,Mon,Ajmer,SIKAR,Dli,Twice in week,1,9,10617,377,33,34,1,4,68,6,10,2019
421,21082,Rajdhani Express,11,2,7,Thu,Ajmer,ALWAR,ALWAR,Twice in week,4,15,25436,377,26,28,4,4,69,1,10,2021
422,82571,Ajmer Shatabdi,13,2,5,Tue,Ajmer,SIKAR,BKN,Weekly,2,31,27632,377,26,28,3,22,69,11,4,2022
423,81047,HWH JU SPL,25,3,6,Sat,Ajmer,SIKAR,Jpr,Twice in week,5,26,29026,377,31,21,3,12,66,24,4,2022
424,56706,Shatabdi Express,27,3,9,Mon,Ajmer,UDP,BKN,Weekly,4,37,18492,377,22,28,3,10,70,10,3,2021
425,89556,Garbi Rath,17,1,8,Fri,Ajmer,ALWAR,SIKAR,Weekly,3,34,10089,377,21,28,2,13,69,28,2,2021
426,93401,Garbi Rath,29,2,6,Tue,Ajmer,JDP,Dli,Weekly,1,29,25780,377,24,28,2,19,71,17,4,2019
427,96731,Ajmer Shatabdi,28,1,7,Sun,Ajmer,BKN,UDP,Daily,4,19,26589,377,27,23,2,9,65,7,10,2022
428,27577,Ashram Express SPL,11,3,7,Wed,Ajmer,Jpr,UDP,Daily,3,3,15782,377,34,30,4,20,70,25,8,2021
429,82463,JBP ALL SPL,24,1,9,Wed,Ajmer,SIKAR,BKN,Weekly,3,5,13466,377,26,23,3,12,66,16,2,2021
430,95376,Ajmer Shatabdi,16,2,7,Tue,Ajmer,ALWAR,BKN,Twice in week,5,12,26644,377,33,29,2,22,68,25,6,2022
431,86486,CDG ALL G RATH,22,2,6,Sat,Ajmer,Dli,Jpr,Daily,2,14,10469,377,24,31,3,18,70,21,2,2022
432,97066,Shatabdi Express,10,1,6,Wed,Ajmer,UDP,BKN,Weekly,2,10,27506,377,22,25,3,20,66,5,3,2021
433,29433,CDG ALL G RATH,13,2,6,Wed,Ajmer,Jpr,Dli,Weekly,1,28,10791,377,28,21,3,13,70,22,7,2019
434,21164,Double Decker,22,1,8,Sat,Ajmer,SIKAR,JDP,Twice in week,4,21,26286,377,22,26,1,11,68,28,6,2021
435,58246,Double Decker,20,1,7,Sat,Ajmer,Jpr,BKN,Twice in week,2,7,26509,377,20,32,3,19,70,18,4,2021
436,33358,Vande Bharat Express,14,2,6,Sun,Ajmer,UDP,BKN,Weekly,2,20,16023,377,27,23,3,23,69,25,5,2019
437,37311,Double Decker,12,2,9,Sat,Ajmer,UDP,BKN,Weekly,2,11,17672,377,30,25,3,10,68,5,3,2021
438,39077,JBP ALL SPL,15,2,7,Thu,Ajmer,BKN,Dli,Daily,5,10,22214,377,34,28,2,21,70,28,1,2020
439,75176,Double Decker,13,1,6,Tue,Ajmer,Jpr,JDP,Daily,5,26,14245,377,23,26,2,13,68,29,10,2020
440,73367,Garbi Rath,12,2,9,Fri,Ajmer,SIKAR,Jpr,Twice in week,3,26,28687,377,23,30,2,4,70,25,4,2019
441,53382,Shatabdi Express,19,1,7,Wed,Ajmer,ALWAR,BKN,Daily,2,10,24029,377,32,32,3,17,67,6,7,2022
442,76947,Garbi Rath,20,2,7,Tue,Ajmer,BKN,SIKAR,Weekly,1,11,18353,377,31,34,1,15,65,20,6,2021
443,24676,HWH JU SPL,27,1,6,Wed,Ajmer,UDP,UDP,Daily,1,5,23107,377,22,27,4,18,65,7,3,2020
444,38478,Ashram Express SPL,11,1,5,Tue,Ajmer,Jpr,BKN,Daily,3,32,17595,377,30,34,3,21,65,26,1,2019
445,13818,Rajdhani Express,11,1,8,Wed,Ajmer,JDP,ALWAR,Daily,2,14,10125,377,26,30,2,7,69,11,9,2020
446,75946,Vande Bharat Express,13,2,8,Thu,Ajmer,JDP,Jpr,Twice in week,1,13,10667,377,22,21,4,9,69,30,4,2021
447,96335,Ajmer Shatabdi,12,1,6,Fri,Ajmer,ALWAR,UDP,Twice in week,3,7,19310,377,21,32,3,20,65,19,10,2021
448,41023,Double Decker,13,3,6,Thu,Ajmer,Dli,Dli,Twice in week,2,22,15215,377,30,32,2,10,68,12,11,2020
449,15140,Ashram Express SPL,11,2,9,Sat,Ajmer,BKN,Jpr,Daily,1,20,14489,377,28,33,1,12,67,20,2,2022
450,22252,CDG ALL G RATH,22,3,9,Sat,Ajmer,BKN,JDP,Weekly,2,14,27770,377,27,28,1,8,70,20,10,2021
451,71176,Ashram Express SPL,13,2,9,Sat,Ajmer,SIKAR,SIKAR,Daily,2,11,15228,377,29,29,4,17,69,12,11,2020
452,22907,JBP ALL SPL,23,1,7,Thu,Ajmer,BKN,UDP,Weekly,3,38,18630,377,20,30,4,6,65,23,7,2020
453,75214,Garbi Rath,20,1,6,Wed,Ajmer,UDP,ALWAR,Weekly,5,8,10582,377,23,30,4,7,66,28,8,2021
454,60174,Vande Bharat Express,24,1,7,Thu,Ajmer,ALWAR,Jpr,Daily,2,33,19929,377,26,25,2,18,70,3,9,2022
455,71398,CDG ALL G RATH,27,1,6,Tue,Ajmer,UDP,ALWAR,Weekly,4,6,16099,377,28,28,1,14,65,29,11,2021
456,50420,Vande Bharat Express,20,3,6,Fri,Ajmer,SIKAR,ALWAR,Twice in week,3,33,21835,377,29,34,4,5,71,23,5,2022
457,20919,CDG ALL G RATH,12,2,9,Thu,Ajmer,SIKAR,JDP,Weekly,4,34,14209,377,26,32,1,17,65,28,7,2021
458,43501,Garbi Rath,22,2,8,Tue,Ajmer,BKN,Dli,Weekly,3,36,10365,377,34,22,4,21,72,12,2,2022
459,93089,CDG ALL G RATH,10,1,7,Fri,Ajmer,UDP,Jpr,Twice in week,1,21,19818,377,27,30,3,15,69,30,1,2021
460,56427,Garbi Rath,24,3,5,Mon,Ajmer,Dli,BKN,Daily,2,21,20634,377,29,31,2,4,66,12,3,2021
461,85049,Garbi Rath,24,2,7,Tue,Ajmer,Jpr,ALWAR,Twice in week,5,31,23602,377,25,21,2,14,70,16,8,2019
462,22855,Shatabdi Express,26,2,8,Wed,Ajmer,UDP,Jpr,Weekly,2,11,15820,377,24,33,3,19,71,25,2,2019
463,17063,Shatabdi Express,15,3,5,Sun,Ajmer,BKN,ALWAR,Weekly,5,16,12369,377,28,33,3,6,68,6,4,2021
464,58454,JBP ALL SPL,13,2,5,Fri,Ajmer,JDP,BKN,Twice in week,2,10,19405,377,24,23,1,6,66,6,7,2020
465,92673,CDG ALL G RATH,29,3,9,Tue,Ajmer,ALWAR,Jpr,Twice in week,5,8,28391,377,34,28,4,8,70,2,9,2021
466,73428,Garbi Rath,21,2,8,Thu,Ajmer,SIKAR,UDP,Daily,1,31,18308,377,24,23,1,18,67,14,4,2021
467,33952,Rajdhani Express,18,1,9,Thu,Ajmer,SIKAR,Jpr,Daily,4,24,17221,377,21,31,1,12,72,23,6,2021
468,61164,Shatabdi Express,26,2,8,Fri,Ajmer,UDP,Jpr,Twice in week,4,26,20014,377,23,30,4,5,65,21,1,2022
469,22303,Vande Bharat Express,27,1,5,Fri,Ajmer,Dli,SIKAR,Twice in week,4,19,20749,377,23,32,1,18,65,30,8,2022
470,95009,Ajmer Shatabdi,10,3,7,Mon,Ajmer,JDP,ALWAR,Daily,4,7,25359,377,24,31,1,17,65,6,4,2020
471,75396,Vande Bharat Express,15,3,9,Fri,Ajmer,ALWAR,SIKAR,Twice in week,5,3,11131,377,29,25,1,20,69,16,6,2020
472,65022,Shatabdi Express,19,1,8,Wed,Ajmer,UDP,UDP,Daily,1,5,28936,377,22,30,3,8,65,7,9,2021
473,51072,JBP ALL SPL,21,1,5,Thu,Ajmer,SIKAR,ALWAR,Twice in week,2,17,24706,377,22,30,1,19,69,28,2,2020
474,55356,Ajmer Shatabdi,14,2,9,Thu,Ajmer,UDP,Dli,Daily,5,9,23855,377,24,24,1,22,66,11,8,2021
475,86611,Garbi Rath,29,1,9,Fri,Ajmer,BKN,UDP,Weekly,2,22,19531,377,20,34,2,9,69,23,9,2020
476,67410,Ashram Express SPL,15,3,7,Wed,Ajmer,UDP,ALWAR,Daily,5,10,27179,377,26,28,4,8,65,27,2,2022
477,20522,Vande Bharat Express,15,1,5,Sat,Ajmer,ALWAR,JDP,Weekly,1,39,19075,377,29,34,3,7,70,6,6,2019
478,33948,CDG ALL G RATH,18,3,6,Sat,Ajmer,ALWAR,JDP,Weekly,1,30,23116,377,20,30,2,6,65,20,7,2022
479,58020,Vande Bharat Express,27,2,7,Wed,Ajmer,Jpr,BKN,Weekly,1,22,10724,377,24,33,1,19,70,9,2,2022
480,46881,Ashram Express SPL,26,3,5,Tue,Ajmer,JDP,JDP,Daily,4,17,17192,377,28,34,1,12,71,29,1,2019
481,78202,HWH JU SPL,22,2,8,Mon,Ajmer,SIKAR,ALWAR,Twice in week,3,18,28272,377,23,24,3,21,72,10,2,2020
482,10652,Ashram Express SPL,29,3,6,Wed,Ajmer,ALWAR,BKN,Weekly,4,4,29669,377,33,21,4,13,69,15,8,2022
483,84365,Rajdhani Express,22,3,7,Thu,Ajmer,JDP,UDP,Weekly,2,31,27009,377,22,23,4,17,69,16,5,2019
484,42308,Rajdhani Express,16,1,9,Wed,Ajmer,Dli,JDP,Daily,5,30,23698,377,23,24,3,14,72,10,4,2022
485,18288,Rajdhani Express,20,3,6,Thu,Ajmer,UDP,ALWAR,Daily,5,19,18134,377,27,21,4,13,70,23,4,2020
486,84088,Vande Bharat Express,28,1,6,Mon,Ajmer,ALWAR,BKN,Twice in week,4,25,17792,377,21,34,1,17,66,27,1,2020
487,44777,Double Decker,13,2,6,Fri,Ajmer,BKN,BKN,Daily,4,31,16256,377,21,25,1,13,67,11,5,2019
488,66084,Garbi Rath,27,3,9,Mon,Ajmer,UDP,Dli,Twice in week,3,28,26217,377,23,22,3,22,65,10,3,2021
489,51325,HWH JU SPL,10,1,7,Thu,Ajmer,Dli,JDP,Daily,3,21,17393,377,25,28,4,5,69,7,9,2021
490,72133,HWH JU SPL,18,3,6,Thu,Ajmer,BKN,UDP,Daily,5,14,13654,377,20,23,1,8,69,20,10,2022
491,88381,Shatabdi Express,27,2,6,Tue,Ajmer,ALWAR,JDP,Weekly,2,26,29189,377,26,34,4,12,67,19,11,2021
492,93140,JBP ALL SPL,18,2,8,Tue,Ajmer,JDP,Dli,Weekly,4,25,15007,377,31,21,1,14,72,11,7,2020
493,87740,Garbi Rath,19,3,9,Sat,Ajmer,UDP,ALWAR,Daily,3,35,22736,377,32,30,1,19,69,21,11,2019
494,46809,HWH JU SPL,21,3,8,Tue,Ajmer,UDP,ALWAR,Twice in week,5,23,22306,377,22,22,3,7,70,6,7,2022
495,44228,CDG ALL G RATH,11,3,8,Thu,Ajmer,BKN,Jpr,Twice in week,4,8,23338,377,25,34,1,22,72,23,6,2019
496,38969,Double Decker,12,2,8,Sat,Ajmer,UDP,Dli,Weekly,3,39,20076,377,20,23,3,22,71,13,4,2020
497,63381,CDG ALL G RATH,13,2,6,Mon,Ajmer,JDP,BKN,Twice in week,5,31,16900,377,31,33,2,6,71,13,11,2019
498,79474,Shatabdi Express,10,3,6,Sat,Ajmer,UDP,SIKAR,Weekly,4,12,10682,377,21,29,3,7,66,9,8,2019
499,34417,Ashram Express SPL,19,1,7,Mon,Ajmer,UDP,SIKAR,Daily,4,34,18783,377,24,21,3,10,65,27,10,2022
500,92465,Rajdhani Express,25,2,6,Fri,Ajmer,BKN,BKN,Weekly,5,32,14982,377,32,21,4,14,65,17,2,2020
501,24544,Ashram Express SPL,20,3,8,Thu,Ajmer,SIKAR,JDP,Daily,5,27,13098,377,23,22,1,7,69,25,1,2021
502,31157,Double Decker,28,2,9,Fri,Ajmer,SIKAR,UDP,Twice in week,3,5,29409,377,23,28,2,9,65,22,3,2020
503,64421,Shatabdi Express,18,2,9,Thu,Ajmer,BKN,ALWAR,Twice in week,4,7,23652,377,27,32,2,22,70,4,6,2020
504,61564,Ajmer Shatabdi,23,1,8,Wed,Ajmer,BKN,Jpr,Weekly,5,4,12726,377,27,27,3,21,66,19,10,2020
505,86118,Shatabdi Express,11,3,6,Fri,Ajmer,SIKAR,SIKAR,Weekly,3,19,15682,377,26,29,4,17,72,14,5,2019
506,10689,Double Decker,19,3,7,Tue,Ajmer,ALWAR,ALWAR,Twice in week,3,32,10387,377,27,20,1,12,70,14,8,2020
507,47507,HWH JU SPL,17,3,8,Tue,Ajmer,ALWAR,SIKAR,Daily,1,21,29583,377,20,28,3,14,71,18,1,2022
508,82474,Garbi Rath,26,1,5,Sat,Ajmer,Jpr,Jpr,Daily,3,23,14495,377,26,32,3,12,68,3,8,2020
509,76710,HWH JU SPL,11,1,6,Sun,Ajmer,Jpr,BKN,Daily,5,7,25120,377,28,32,2,17,71,3,5,2022
510,35692,Double Decker,26,3,6,Wed,Ajmer,ALWAR,SIKAR,Twice in week,2,20,18910,377,27,20,4,8,65,28,9,2019
511,29381,Rajdhani Express,14,2,9,Wed,Ajmer,SIKAR,ALWAR,Weekly,5,13,26007,377,24,22,2,9,68,9,11,2022
512,44517,Ajmer Shatabdi,20,3,5,Wed,Ajmer,SIKAR,ALWAR,Weekly,3,13,26129,377,28,21,4,9,72,25,7,2020
513,20325,CDG ALL G RATH,19,2,7,Wed,Ajmer,JDP,ALWAR,Daily,2,3,25354,377,24,31,3,11,65,21,3,2019
514,40995,CDG ALL G RATH,21,1,9,Tue,Ajmer,BKN,JDP,Daily,5,6,29742,377,32,31,1,19,67,26,1,2021
515,83118,Vande Bharat Express,16,2,7,Sat,Ajmer,Jpr,JDP,Twice in week,2,16,28658,377,28,20,4,20,69,27,9,2021
516,43480,Ashram Express SPL,19,3,6,Fri,Ajmer,JDP,Dli,Twice in week,2,24,18368,377,26,34,1,11,68,17,8,2020
517,31835,Double Decker,22,2,8,Thu,Ajmer,SIKAR,JDP,Daily,3,39,17715,377,28,23,4,17,67,11,2,2020
518,82931,CDG ALL G RATH,16,1,7,Thu,Ajmer,Dli,UDP,Twice in week,3,15,25571,377,33,31,1,10,69,25,1,2020
519,29388,Vande Bharat Express,18,1,8,Sat,Ajmer,ALWAR,BKN,Weekly,2,17,20363,377,29,32,4,21,67,9,2,2019
520,37202,Ashram Express SPL,29,3,5,Thu,Ajmer,JDP,BKN,Daily,5,13,22708,377,25,31,4,5,65,28,3,2019
521,31650,Ajmer Shatabdi,25,1,9,Sun,Ajmer,JDP,Dli,Weekly,4,13,23520,377,23,22,3,22,71,30,7,2019
522,16922,Ashram Express SPL,23,1,7,Mon,Ajmer,ALWAR,UDP,Daily,1,39,17155,377,21,24,4,23,70,17,1,2022
523,94170,HWH JU SPL,17,3,7,Sat,Ajmer,SIKAR,JDP,Twice in week,4,4,13411,377,23,29,3,20,72,20,1,2021
524,12103,Shatabdi Express,11,2,6,Sat,Ajmer,Dli,JDP,Twice in week,5,16,11048,377,28,27,1,5,68,10,7,2022
525,18193,Garbi Rath,11,2,5,Wed,Ajmer,ALWAR,Dli,Weekly,2,23,16314,377,33,25,4,15,68,8,5,2020
526,32405,Shatabdi Express,12,3,5,Sun,Ajmer,SIKAR,BKN,Daily,1,37,17051,377,26,31,3,7,69,30,1,2020
527,54953,Garbi Rath,15,3,8,Thu,Ajmer,ALWAR,JDP,Weekly,4,30,24678,377,28,27,3,15,69,19,9,2020
528,78581,Vande Bharat Express,25,3,6,Mon,Ajmer,ALWAR,Jpr,Daily,2,26,19615,377,23,28,1,19,70,27,5,2022
529,35047,JBP ALL SPL,24,3,8,Sat,Ajmer,Jpr,ALWAR,Weekly,4,39,11545,377,28,31,2,23,67,22,10,2019
530,98980,Ashram Express SPL,11,3,9,Sun,Ajmer,Dli,JDP,Daily,1,16,18728,377,31,31,2,14,65,6,7,2022
531,10157,CDG ALL G RATH,29,2,6,Thu,Ajmer,BKN,UDP,Weekly,1,25,16865,377,33,34,4,9,70,26,8,2022
532,56330,Vande Bharat Express,24,1,7,Sun,Ajmer,UDP,JDP,Weekly,1,23,27114,377,34,26,3,21,72,10,10,2020
533,47727,JBP ALL SPL,24,1,7,Tue,Ajmer,BKN,SIKAR,Daily,2,27,15114,377,34,29,1,6,68,30,9,2021
534,47355,Double Decker,22,1,5,Fri,Ajmer,ALWAR,SIKAR,Weekly,5,36,26247,377,24,34,3,10,65,5,11,2021
535,31278,Ajmer Shatabdi,14,1,5,Wed,Ajmer,Jpr,SIKAR,Daily,3,30,11001,377,20,32,4,4,68,21,3,2020
536,65401,Ashram Express SPL,12,2,9,Sat,Ajmer,Jpr,BKN,Weekly,2,39,17348,377,26,26,2,8,70,2,2,2019
537,76775,Double Decker,24,3,8,Tue,Ajmer,Dli,UDP,Weekly,5,29,17842,377,32,32,1,15,72,18,4,2019
538,83230,Shatabdi Express,10,2,5,Sun,Ajmer,BKN,ALWAR,Daily,4,10,29395,377,23,34,2,18,66,9,4,2019
539,90337,CDG ALL G RATH,20,1,5,Sun,Ajmer,ALWAR,UDP,Twice in week,5,16,20113,377,20,24,2,20,71,19,6,2020
540,29709,HWH JU SPL,29,2,9,Thu,Ajmer,Dli,Dli,Twice in week,5,30,27674,377,33,28,2,21,70,25,4,2020
541,70384,JBP ALL SPL,28,1,8,Sun,Ajmer,ALWAR,Dli,Daily,5,13,10891,377,29,24,2,9,67,26,5,2021
542,26756,Ajmer Shatabdi,25,3,8,Tue,Ajmer,SIKAR,SIKAR,Weekly,1,33,10535,377,21,28,4,22,67,29,5,2020
543,17436,Ashram Express SPL,26,2,7,Sat,Ajmer,UDP,BKN,Daily,5,14,13387,377,31,25,1,10,66,28,2,2020
544,88080,Rajdhani Express,24,1,8,Thu,Ajmer,JDP,Dli,Weekly,4,29,23085,377,27,22,4,4,68,19,2,2022
545,27891,Double Decker,10,1,9,Sun,Ajmer,JDP,Jpr,Weekly,4,3,29091,377,33,24,1,6,68,27,9,2019
546,61290,Double Decker,12,2,5,Sun,Ajmer,Dli,BKN,Weekly,5,36,17296,377,28,32,2,13,72,29,8,2021
547,24912,Ajmer Shatabdi,25,3,5,Mon,Ajmer,JDP,JDP,Weekly,2,22,24496,377,21,33,4,18,71,1,7,2021
548,45885,Garbi Rath,10,2,9,Sun,Ajmer,ALWAR,UDP,Weekly,5,21,23373,377,24,29,3,8,66,24,4,2019
549,24728,Vande Bharat Express,20,2,6,Fri,Ajmer,SIKAR,SIKAR,Weekly,2,26,22821,377,29,22,4,18,67,24,5,2022
550,33885,HWH JU SPL,26,1,6,Sun,Ajmer,BKN,SIKAR,Weekly,2,30,23550,377,31,25,3,17,68,7,5,2022
551,50890,CDG ALL G RATH,27,1,7,Sat,Ajmer,ALWAR,SIKAR,Daily,5,26,28440,377,29,22,2,15,66,15,6,2021
552,36843,Ajmer Shatabdi,29,3,7,Fri,Ajmer,BKN,JDP,Daily,5,24,19448,377,30,34,4,11,70,30,11,2019
553,89588,Shatabdi Express,15,1,7,Thu,Ajmer,Jpr,UDP,Twice in week,1,12,26867,377,30,32,2,19,66,14,3,2019
554,58834,Vande Bharat Express,20,2,6,Thu,Ajmer,Dli,Dli,Weekly,4,22,26420,377,22,32,4,8,67,7,2,2019
555,60510,HWH JU SPL,28,1,6,Sun,Ajmer,UDP,Jpr,Twice in week,2,31,27917,377,27,34,4,4,71,24,5,2022
556,85295,Rajdhani Express,17,1,9,Sat,Ajmer,JDP,JDP,Twice in week,4,13,15470,377,30,24,3,20,69,7,1,2020
557,71057,Shatabdi Express,19,3,9,Thu,Ajmer,Jpr,BKN,Daily,1,35,10068,377,26,21,1,15,69,25,1,2021
558,98344,Shatabdi Express,11,2,5,Tue,Ajmer,UDP,Jpr,Weekly,5,7,11211,377,25,22,3,5,69,2,8,2020
559,81660,Vande Bharat Express,23,3,9,Sat,Ajmer,UDP,Jpr,Weekly,4,26,24985,377,34,32,2,8,68,8,11,2022
560,27282,Vande Bharat Express,21,1,9,Tue,Ajmer,ALWAR,ALWAR,Daily,4,19,11342,377,32,23,4,6,65,21,5,2019
561,55760,Ashram Express SPL,17,2,9,Thu,Ajmer,BKN,BKN,Weekly,1,11,24477,377,34,24,3,22,66,26,11,2022
562,31740,CDG ALL G RATH,26,2,7,Fri,Ajmer,Jpr,UDP,Weekly,2,37,22519,377,30,23,1,14,66,10,9,2021
563,42849,Double Decker,16,3,5,Sat,Ajmer,UDP,ALWAR,Daily,4,39,25603,377,31,24,1,13,68,28,3,2020
564,86493,Rajdhani Express,11,1,6,Fri,Ajmer,JDP,Dli,Weekly,3,23,11709,377,22,31,4,21,67,26,6,2021
565,56184,JBP ALL SPL,16,3,7,Fri,Ajmer,JDP,UDP,Daily,4,14,17313,377,22,23,1,16,72,11,8,2019
566,85408,Garbi Rath,18,3,5,Thu,Ajmer,Jpr,JDP,Weekly,5,35,19076,377,27,30,4,23,66,5,5,2020
567,92604,Shatabdi Express,25,2,6,Wed,Ajmer,Jpr,JDP,Daily,2,33,22233,377,20,20,2,22,70,7,4,2022
568,32335,Ashram Express SPL,11,2,8,Mon,Ajmer,JDP,ALWAR,Weekly,2,17,28849,377,27,25,4,10,71,26,1,2020
569,21051,CDG ALL G RATH,14,3,9,Tue,Ajmer,JDP,JDP,Daily,1,39,11206,377,31,22,1,5,70,20,11,2021
570,98217,CDG ALL G RATH,26,1,7,Thu,Ajmer,Dli,BKN,Weekly,3,9,23369,377,29,21,3,15,65,3,10,2022
571,47747,Shatabdi Express,13,3,7,Fri,Ajmer,Dli,JDP,Daily,3,14,15939,377,31,22,3,20,69,14,8,2022
572,45920,Double Decker,16,3,8,Sat,Ajmer,BKN,ALWAR,Twice in week,5,10,29663,377,22,32,4,18,71,24,9,2021
573,97344,Ashram Express SPL,22,2,5,Thu,Ajmer,ALWAR,Dli,Weekly,5,31,14404,377,25,32,3,20,68,17,1,2019
574,14825,Rajdhani Express,12,2,6,Thu,Ajmer,Dli,UDP,Daily,5,11,10800,377,34,33,4,6,68,3,5,2020
575,45160,Ajmer Shatabdi,13,1,7,Thu,Ajmer,SIKAR,Dli,Weekly,1,39,29055,377,20,21,1,12,70,27,6,2022
576,98911,JBP ALL SPL,17,3,7,Mon,Ajmer,Dli,BKN,Twice in week,3,21,29581,377,20,33,4,20,68,23,7,2021
577,17180,HWH JU SPL,22,2,6,Mon,Ajmer,Jpr,SIKAR,Twice in week,3,32,23142,377,25,32,3,8,65,7,6,2022
578,52815,CDG ALL G RATH,20,3,5,Mon,Ajmer,Dli,BKN,Weekly,1,29,10940,377,29,26,2,18,66,19,6,2019
579,55452,JBP ALL SPL,20,2,8,Wed,Ajmer,ALWAR,JDP,Weekly,5,6,29223,377,30,22,4,20,66,8,5,2021
580,29910,Ashram Express SPL,13,3,8,Wed,Ajmer,JDP,BKN,Twice in week,5,3,27144,377,32,32,1,18,72,30,9,2022
581,10721,Ajmer Shatabdi,13,3,8,Sat,Ajmer,UDP,ALWAR,Daily,5,23,28332,377,30,34,2,5,70,20,7,2021
582,90270,CDG ALL G RATH,16,1,7,Sat,Ajmer,Jpr,Dli,Weekly,1,19,27432,377,22,30,1,22,70,5,10,2020
583,82051,Rajdhani Express,14,3,6,Fri,Ajmer,JDP,Dli,Weekly,1,30,24676,377,28,21,1,23,70,28,3,2020
584,19262,HWH JU SPL,26,3,7,Mon,Ajmer,SIKAR,JDP,Weekly,1,31,19915,377,33,25,3,16,68,18,9,2022
585,52162,Garbi Rath,12,1,8,Mon,Ajmer,UDP,Dli,Weekly,3,39,25007,377,20,31,1,11,66,15,6,2021
586,79435,HWH JU SPL,17,1,7,Thu,Ajmer,SIKAR,Dli,Twice in week,1,12,22910,377,21,27,1,7,68,14,3,2019
587,53315,HWH JU SPL,16,1,6,Fri,Ajmer,ALWAR,SIKAR,Twice in week,3,32,10557,377,22,33,1,7,71,6,2,2020
588,36562,Garbi Rath,21,1,8,Fri,Ajmer,ALWAR,JDP,Weekly,1,39,10850,377,24,23,4,10,65,26,11,2020
589,18686,Ashram Express SPL,24,3,7,Wed,Ajmer,SIKAR,JDP,Daily,1,27,21323,377,28,32,1,13,65,9,1,2022
590,75323,HWH JU SPL,29,1,9,Thu,Ajmer,ALWAR,BKN,Daily,4,38,20075,377,26,23,1,17,70,5,2,2021
591,68181,Ajmer Shatabdi,10,1,5,Sat,Ajmer,UDP,SIKAR,Twice in week,5,9,13928,377,34,24,2,7,69,5,3,2022
592,22640,Garbi Rath,22,2,8,Sat,Ajmer,BKN,JDP,Daily,5,7,17412,377,29,20,2,21,71,13,6,2019
593,33436,Ashram Express SPL,18,3,8,Sat,Ajmer,Jpr,BKN,Daily,2,25,28436,377,30,23,4,14,68,14,1,2019
594,86613,Ashram Express SPL,24,1,9,Sat,Ajmer,SIKAR,UDP,Twice in week,1,13,11768,377,23,25,3,14,67,16,4,2021
595,61067,Double Decker,25,1,9,Fri,Ajmer,Dli,SIKAR,Daily,5,19,25687,377,28,31,3,11,67,6,2,2021
596,75855,JBP ALL SPL,12,3,5,Wed,Ajmer,Jpr,SIKAR,Daily,1,3,28611,377,28,26,4,22,70,17,5,2019
597,71378,Ajmer Shatabdi,11,3,5,Sat,Ajmer,Dli,Dli,Daily,3,29,29190,377,27,20,3,17,66,29,5,2022
598,37686,CDG ALL G RATH,27,3,6,Mon,Ajmer,ALWAR,Jpr,Twice in week,4,21,12359,377,24,23,2,20,69,5,9,2021
599,84795,Double Decker,18,3,5,Sat,Ajmer,Jpr,ALWAR,Daily,2,14,14630,377,24,25,3,15,69,9,8,2022
600,86631,Shatabdi Express,22,1,9,Sun,Ajmer,BKN,BKN,Twice in week,4,6,27931,377,30,22,3,18,67,23,7,2022
601,60987,Double Decker,11,2,5,Sat,Ajmer,UDP,SIKAR,Daily,3,28,17908,377,31,20,4,16,65,10,10,2019
602,37366,JBP ALL SPL,11,3,7,Thu,Ajmer,ALWAR,UDP,Twice in week,4,21,13421,377,34,23,3,10,66,22,2,2021
603,43192,Ashram Express SPL,24,2,7,Mon,Ajmer,Dli,SIKAR,Daily,3,14,13339,377,31,28,4,20,68,2,8,2020
604,37031,Ajmer Shatabdi,26,1,5,Sat,Ajmer,BKN,Dli,Weekly,3,7,10550,377,25,29,3,18,70,1,11,2021
605,41994,Shatabdi Express,16,3,7,Sat,Ajmer,ALWAR,Jpr,Twice in week,2,22,10631,377,22,29,1,12,65,8,6,2021
606,78665,HWH JU SPL,25,3,6,Sat,Ajmer,BKN,UDP,Twice in week,2,31,16890,377,26,30,2,8,70,1,9,2021
607,11866,CDG ALL G RATH,23,2,9,Mon,Ajmer,JDP,Dli,Weekly,4,22,16765,377,30,26,3,12,68,12,10,2022
608,16925,Ajmer Shatabdi,24,2,9,Wed,Ajmer,Jpr,JDP,Twice in week,3,16,12152,377,22,22,3,12,67,1,10,2020
609,51328,Ashram Express SPL,19,1,8,Thu,Ajmer,Dli,Jpr,Daily,4,5,27092,377,34,26,4,18,72,3,2,2022
610,83668,Shatabdi Express,24,2,7,Tue,Ajmer,SIKAR,JDP,Daily,2,38,17757,377,25,20,1,4,72,22,11,2020
611,31563,Ashram Express SPL,17,3,6,Thu,Ajmer,UDP,ALWAR,Daily,2,8,24278,377,33,20,3,11,70,5,9,2021
612,51268,Rajdhani Express,29,3,5,Fri,Ajmer,JDP,SIKAR,Weekly,3,6,26488,377,29,31,3,18,68,1,7,2020
613,23616,Ashram Express SPL,25,1,7,Wed,Ajmer,Jpr,Dli,Daily,2,4,21848,377,27,29,3,10,68,23,3,2021
614,49136,Shatabdi Express,27,1,9,Sat,Ajmer,JDP,Dli,Twice in week,2,14,13265,377,28,27,3,10,66,3,8,2019
615,60157,Garbi Rath,15,1,7,Mon,Ajmer,BKN,JDP,Weekly,5,35,28982,377,21,21,1,22,72,17,1,2020
616,48455,Double Decker,23,1,5,Thu,Ajmer,SIKAR,UDP,Daily,2,16,26991,377,21,28,2,12,71,15,7,2019
617,14353,Garbi Rath,26,1,6,Sat,Ajmer,ALWAR,JDP,Weekly,5,8,22261,377,34,33,2,8,66,20,5,2021
618,77358,Shatabdi Express,12,3,6,Tue,Ajmer,Jpr,JDP,Twice in week,5,15,18346,377,29,31,1,8,69,5,3,2019
619,27103,Shatabdi Express,16,3,9,Tue,Ajmer,UDP,Dli,Twice in week,3,11,11018,377,20,31,2,12,69,5,11,2022
620,60510,Ashram Express SPL,11,3,8,Fri,Ajmer,ALWAR,ALWAR,Twice in week,5,30,18402,377,20,27,4,8,68,22,6,2019
621,48373,Ashram Express SPL,17,2,9,Sat,Ajmer,SIKAR,SIKAR,Weekly,3,8,25798,377,29,33,4,20,65,23,11,2022
622,20426,Rajdhani Express,10,1,7,Wed,Ajmer,Dli,Dli,Weekly,1,12,10551,377,23,31,3,23,67,30,2,2019
623,73438,Double Decker,24,3,9,Sat,Ajmer,JDP,ALWAR,Daily,1,10,25384,377,28,29,2,18,72,2,4,2021
624,14509,Ashram Express SPL,25,2,7,Sun,Ajmer,BKN,BKN,Twice in week,2,5,20221,377,24,26,2,8,65,3,4,2019
625,63971,Ajmer Shatabdi,20,1,7,Tue,Ajmer,UDP,ALWAR,Weekly,3,33,20543,377,32,25,4,23,65,8,9,2021
626,76744,JBP ALL SPL,28,1,8,Wed,Ajmer,Dli,Jpr,Weekly,1,7,13158,377,21,26,4,14,70,19,2,2019
627,71048,JBP ALL SPL,13,2,7,Thu,Ajmer,BKN,Jpr,Daily,4,20,15278,377,29,23,3,16,68,26,3,2021
628,50489,Double Decker,25,3,6,Sat,Ajmer,ALWAR,BKN,Daily,3,34,17987,377,32,21,1,10,69,17,9,2022
629,16705,Shatabdi Express,15,3,5,Tue,Ajmer,BKN,ALWAR,Weekly,1,13,25969,377,31,23,2,4,68,21,4,2021
630,20085,CDG ALL G RATH,10,2,8,Fri,Ajmer,UDP,BKN,Weekly,1,39,13378,377,28,34,1,10,71,14,6,2020
631,85997,HWH JU SPL,18,2,8,Wed,Ajmer,Jpr,JDP,Weekly,1,31,28943,377,28,32,4,21,67,23,1,2022
632,79985,Shatabdi Express,12,3,7,Wed,Ajmer,Dli,JDP,Daily,3,25,19450,377,20,23,2,5,69,13,9,2019
633,79027,Vande Bharat Express,19,2,9,Tue,Ajmer,Jpr,UDP,Weekly,1,8,29101,377,32,33,1,8,65,24,8,2021
634,92038,Garbi Rath,16,2,8,Sat,Ajmer,Jpr,JDP,Daily,2,10,26578,377,22,20,3,19,70,23,4,2021
635,44208,CDG ALL G RATH,27,2,8,Mon,Ajmer,SIKAR,ALWAR,Twice in week,4,9,29427,377,23,29,1,16,65,20,2,2022
636,74023,CDG ALL G RATH,19,1,6,Sun,Ajmer,SIKAR,SIKAR,Weekly,3,24,10519,377,27,27,4,21,69,22,11,2021
637,47065,JBP ALL SPL,15,3,8,Wed,Ajmer,Dli,Dli,Daily,3,28,28157,377,22,24,4,17,66,2,5,2021
638,56963,Garbi Rath,22,2,7,Wed,Ajmer,ALWAR,Dli,Daily,1,37,14290,377,25,22,2,13,65,24,4,2019
639,88309,Ajmer Shatabdi,12,3,7,Tue,Ajmer,JDP,ALWAR,Daily,4,15,20188,377,34,23,1,23,72,8,4,2020
640,79737,Shatabdi Express,25,1,5,Wed,Ajmer,SIKAR,Dli,Twice in week,5,24,22775,377,29,25,4,12,71,21,4,2020
641,91132,Shatabdi Express,27,3,5,Wed,Ajmer,Dli,ALWAR,Daily,5,35,19208,377,33,29,3,17,69,13,10,2021
642,21325,Double Decker,26,2,9,Thu,Ajmer,Jpr,SIKAR,Twice in week,5,5,20483,377,30,28,4,12,71,10,9,2022
643,91192,JBP ALL SPL,23,1,8,Sat,Ajmer,BKN,Dli,Twice in week,4,29,29044,377,34,27,3,23,70,10,5,2022
644,65000,Double Decker,19,3,9,Thu,Ajmer,UDP,Jpr,Twice in week,1,9,16540,377,32,34,2,18,66,17,2,2019
645,14027,HWH JU SPL,17,2,6,Wed,Ajmer,SIKAR,Dli,Daily,4,36,17966,377,27,33,3,5,68,2,10,2022
646,29761,Double Decker,29,3,6,Wed,Ajmer,ALWAR,JDP,Twice in week,4,14,25552,377,33,25,3,6,70,1,11,2021
647,71603,Vande Bharat Express,26,2,6,Fri,Ajmer,ALWAR,BKN,Weekly,1,31,28482,377,21,29,2,11,65,10,2,2020
648,55430,Shatabdi Express,29,1,5,Sun,Ajmer,JDP,Jpr,Daily,5,33,25478,377,23,33,4,12,65,25,5,2019
649,26710,HWH JU SPL,22,2,9,Tue,Ajmer,Jpr,Dli,Daily,4,29,28810,377,24,27,1,22,69,29,9,2022
650,14232,Garbi Rath,29,2,5,Tue,Ajmer,JDP,SIKAR,Twice in week,5,25,18826,377,24,24,4,5,66,12,5,2020
651,36166,JBP ALL SPL,29,2,5,Wed,Ajmer,JDP,ALWAR,Weekly,2,28,11325,377,26,26,3,15,71,7,11,2021
652,28007,Double Decker,19,3,8,Wed,Ajmer,BKN,BKN,Daily,2,11,19772,377,22,28,3,5,70,1,7,2022
653,45668,Rajdhani Express,25,1,7,Wed,Ajmer,ALWAR,ALWAR,Weekly,1,28,21787,377,24,30,3,11,72,6,6,2022
654,28513,Rajdhani Express,11,2,5,Sat,Ajmer,BKN,UDP,Twice in week,1,33,18288,377,22,29,1,9,67,8,1,2022
655,19220,HWH JU SPL,21,3,7,Thu,Ajmer,BKN,BKN,Weekly,2,16,21122,377,25,24,4,13,66,29,8,2020
656,12912,Ashram Express SPL,27,1,9,Sun,Ajmer,Dli,UDP,Twice in week,5,26,12291,377,25,28,2,12,66,5,1,2019
657,98409,JBP ALL SPL,15,1,7,Mon,Ajmer,SIKAR,Jpr,Daily,5,7,21040,377,28,32,4,14,68,5,7,2021
658,95836,Double Decker,29,2,5,Mon,Ajmer,SIKAR,ALWAR,Daily,4,32,13974,377,27,22,3,22,69,10,11,2020
659,14683,JBP ALL SPL,19,3,7,Tue,Ajmer,Dli,Jpr,Daily,4,39,15923,377,33,25,4,7,67,12,1,2022
660,38677,JBP ALL SPL,17,3,5,Wed,Ajmer,UDP,Dli,Daily,3,34,18872,377,24,28,1,17,69,22,10,2021
661,84510,Vande Bharat Express,21,2,9,Thu,Ajmer,UDP,Dli,Weekly,4,28,24350,377,21,31,1,18,66,10,4,2022
662,84215,Shatabdi Express,20,2,8,Mon,Ajmer,ALWAR,JDP,Twice in week,5,17,10554,377,24,25,1,12,69,28,7,2022
663,46403,Shatabdi Express,17,2,5,Mon,Ajmer,ALWAR,ALWAR,Weekly,3,11,17123,377,32,28,1,21,69,13,9,2019
664,79015,Shatabdi Express,16,1,6,Sun,Ajmer,Dli,ALWAR,Twice in week,5,5,28809,377,28,29,2,20,65,11,9,2019
665,67418,Vande Bharat Express,21,3,6,Wed,Ajmer,BKN,ALWAR,Daily,2,34,16627,377,32,24,1,8,66,10,11,2021
666,28172,Double Decker,19,1,5,Wed,Ajmer,BKN,BKN,Daily,1,30,18850,377,29,23,4,20,66,26,8,2020
667,99203,Double Decker,16,1,9,Sun,Ajmer,Jpr,Jpr,Daily,1,6,13042,377,20,32,4,15,72,14,10,2019
668,92312,Double Decker,19,2,9,Thu,Ajmer,JDP,BKN,Daily,2,25,24696,377,32,27,3,8,72,24,5,2019
669,44618,CDG ALL G RATH,25,1,6,Sun,Ajmer,Jpr,UDP,Weekly,2,21,23428,377,27,24,1,21,72,2,3,2022
670,55078,Ashram Express SPL,22,2,8,Thu,Ajmer,JDP,Dli,Twice in week,5,21,17348,377,20,31,2,4,69,26,4,2020
671,98424,Garbi Rath,21,3,5,Tue,Ajmer,Jpr,SIKAR,Twice in week,3,36,21677,377,22,29,3,6,70,28,7,2022
672,20970,Ashram Express SPL,20,2,8,Thu,Ajmer,UDP,ALWAR,Twice in week,1,28,14434,377,34,25,4,10,66,11,6,2022
673,96809,JBP ALL SPL,13,3,6,Tue,Ajmer,Dli,Jpr,Daily,1,8,23358,377,33,27,2,9,69,4,3,2019
674,57089,CDG ALL G RATH,28,3,9,Fri,Ajmer,Jpr,UDP,Weekly,4,35,10072,377,34,30,1,11,69,18,2,2019
675,19511,Garbi Rath,25,1,8,Tue,Ajmer,Jpr,Jpr,Weekly,5,31,12871,377,26,32,4,10,71,15,4,2019
676,61078,Ajmer Shatabdi,15,3,6,Wed,Ajmer,UDP,Dli,Twice in week,2,35,15753,377,33,33,1,19,68,28,1,2022
677,43107,Garbi Rath,28,3,9,Sat,Ajmer,SIKAR,SIKAR,Daily,4,19,13451,377,29,23,4,18,72,18,5,2020
678,88938,Garbi Rath,27,1,6,Sun,Ajmer,ALWAR,SIKAR,Weekly,2,9,27422,377,29,29,3,10,70,22,9,2019
679,87645,Vande Bharat Express,21,1,5,Fri,Ajmer,Dli,Dli,Weekly,4,18,14963,377,29,28,2,22,69,12,1,2020
680,70259,Ajmer Shatabdi,29,1,5,Fri,Ajmer,ALWAR,ALWAR,Weekly,5,15,20887,377,30,32,3,7,72,24,6,2022
681,58471,Double Decker,23,3,9,Wed,Ajmer,Dli,SIKAR,Twice in week,1,29,19414,377,31,23,4,6,69,13,10,2021
682,75398,Ashram Express SPL,18,1,7,Sun,Ajmer,JDP,Dli,Twice in week,1,4,20839,377,22,28,2,21,71,29,2,2021
683,33280,Shatabdi Express,15,3,9,Thu,Ajmer,ALWAR,UDP,Twice in week,4,29,25539,377,27,27,1,8,68,8,10,2020
684,94063,Rajdhani Express,22,1,7,Fri,Ajmer,ALWAR,ALWAR,Weekly,1,34,11195,377,28,30,2,21,68,12,7,2022
685,19580,Ashram Express SPL,23,2,7,Fri,Ajmer,SIKAR,SIKAR,Weekly,5,22,22463,377,34,20,2,12,70,13,5,2021
686,74672,Ashram Express SPL,10,3,8,Mon,Ajmer,UDP,SIKAR,Twice in week,4,32,19890,377,22,22,1,6,72,6,5,2020
687,22449,Ashram Express SPL,16,1,7,Tue,Ajmer,JDP,ALWAR,Twice in week,1,33,25243,377,30,30,4,23,72,18,4,2022
688,42326,Ashram Express SPL,27,2,5,Sat,Ajmer,ALWAR,Jpr,Daily,1,11,27633,377,28,25,1,9,70,24,7,2022
689,63937,JBP ALL SPL,11,1,6,Tue,Ajmer,Jpr,Jpr,Twice in week,3,3,23925,377,32,28,4,11,65,26,5,2020
690,43019,HWH JU SPL,17,1,9,Wed,Ajmer,BKN,Dli,Twice in week,2,39,12945,377,23,27,3,7,70,15,11,2019
691,69223,CDG ALL G RATH,26,2,7,Sat,Ajmer,ALWAR,Dli,Daily,4,37,23880,377,23,21,2,22,68,22,5,2020
692,22777,Ajmer Shatabdi,11,1,7,Sun,Ajmer,Jpr,UDP,Weekly,1,37,23105,377,24,27,3,5,71,1,2,2022
693,32249,HWH JU SPL,16,3,8,Tue,Ajmer,JDP,UDP,Twice in week,4,14,27245,377,22,33,2,20,69,25,7,2021
694,83084,Double Decker,23,3,8,Fri,Ajmer,UDP,ALWAR,Weekly,4,8,11831,377,28,33,1,12,70,22,11,2022
695,30130,Rajdhani Express,16,2,8,Sat,Ajmer,UDP,BKN,Twice in week,5,28,14525,377,27,24,1,20,65,26,8,2019
696,88819,HWH JU SPL,21,2,7,Wed,Ajmer,JDP,UDP,Daily,2,38,11697,377,26,28,2,12,67,8,4,2019
697,62978,HWH JU SPL,19,3,8,Sat,Ajmer,ALWAR,ALWAR,Daily,2,38,26303,377,34,20,1,11,72,22,1,2019
698,74480,Shatabdi Express,20,3,8,Mon,Ajmer,Dli,Jpr,Daily,1,5,18053,377,29,27,2,17,65,5,5,2020
699,18531,Double Decker,26,2,9,Mon,Ajmer,ALWAR,Dli,Twice in week,2,6,19867,377,26,34,4,17,65,10,10,2019
700,97584,Vande Bharat Express,13,2,8,Wed,Ajmer,Dli,BKN,Daily,5,38,21766,377,34,32,2,15,71,15,11,2021
701,39279,Ajmer Shatabdi,25,1,7,Thu,Ajmer,UDP,BKN,Daily,3,7,15168,377,33,33,2,5,65,8,4,2022
702,30213,Rajdhani Express,21,3,9,Fri,Ajmer,ALWAR,ALWAR,Daily,1,31,29692,377,21,32,1,8,65,17,4,2021
703,25272,Ajmer Shatabdi,21,1,8,Wed,Ajmer,SIKAR,SIKAR,Weekly,1,30,13058,377,23,28,4,14,72,11,5,2021
704,22094,Garbi Rath,20,1,5,Sun,Ajmer,Dli,BKN,Daily,1,7,14830,377,21,28,4,11,66,9,10,2019
705,17013,Double Decker,28,3,7,Fri,Ajmer,SIKAR,ALWAR,Daily,3,5,20490,377,25,28,4,22,66,25,6,2021
706,33777,Double Decker,16,1,5,Thu,Ajmer,Jpr,Jpr,Daily,2,39,21514,377,21,20,2,18,65,18,2,2019
707,89610,CDG ALL G RATH,16,3,7,Tue,Ajmer,SIKAR,Dli,Daily,5,18,28049,377,24,25,2,12,66,22,8,2020
708,81177,Ajmer Shatabdi,25,2,7,Tue,Ajmer,Jpr,Dli,Daily,5,37,22887,377,32,27,2,6,65,18,7,2021
709,15663,JBP ALL SPL,12,2,8,Thu,Ajmer,Dli,Dli,Weekly,1,8,17587,377,23,34,1,14,70,29,2,2022
710,64361,Garbi Rath,25,2,6,Thu,Ajmer,BKN,ALWAR,Daily,3,4,18981,377,28,28,3,18,72,21,7,2019
711,70919,Ashram Express SPL,13,1,5,Mon,Ajmer,SIKAR,BKN,Twice in week,5,26,12106,377,26,33,3,4,66,27,1,2021
712,89936,JBP ALL SPL,28,2,9,Fri,Ajmer,JDP,UDP,Twice in week,2,7,22296,377,21,25,1,11,67,24,11,2019
713,72037,Double Decker,29,1,8,Sun,Ajmer,BKN,Jpr,Weekly,4,31,24780,377,33,32,1,19,70,7,3,2022
714,78921,Double Decker,18,2,7,Tue,Ajmer,Jpr,SIKAR,Weekly,5,33,10144,377,33,26,1,16,70,23,3,2021
715,59561,Ajmer Shatabdi,13,1,5,Sun,Ajmer,Dli,ALWAR,Twice in week,2,34,24853,377,30,34,3,12,71,26,5,2020
716,15145,JBP ALL SPL,20,2,9,Tue,Ajmer,Jpr,BKN,Weekly,5,21,14504,377,26,29,4,5,72,4,5,2020
717,65911,Vande Bharat Express,18,2,6,Sun,Ajmer,Dli,BKN,Daily,1,35,10016,377,22,20,4,15,72,18,2,2022
718,60277,JBP ALL SPL,13,1,8,Fri,Ajmer,BKN,SIKAR,Twice in week,3,5,27763,377,33,22,4,16,72,23,3,2020
719,56730,CDG ALL G RATH,24,3,5,Tue,Ajmer,UDP,BKN,Twice in week,2,18,29243,377,30,24,2,15,67,26,2,2021
720,50324,CDG ALL G RATH,29,1,5,Sat,Ajmer,BKN,SIKAR,Weekly,3,8,26161,377,29,25,1,9,67,10,11,2019
721,55074,Double Decker,23,2,6,Thu,Ajmer,ALWAR,JDP,Weekly,5,27,11087,377,25,33,3,13,68,3,7,2021
722,28273,Shatabdi Express,10,1,5,Sun,Ajmer,Jpr,SIKAR,Daily,4,19,25089,377,29,27,2,14,71,2,2,2022
723,48473,CDG ALL G RATH,19,2,6,Fri,Ajmer,SIKAR,SIKAR,Twice in week,5,22,17830,377,21,24,2,4,71,27,10,2020
724,50604,Ashram Express SPL,10,1,9,Fri,Ajmer,UDP,Dli,Daily,4,29,26963,377,25,28,2,16,71,21,2,2019
725,90489,Shatabdi Express,20,3,6,Sat,Ajmer,JDP,Jpr,Weekly,2,32,29385,377,33,25,2,15,71,23,7,2022
726,41106,Vande Bharat Express,22,1,8,Tue,Ajmer,JDP,ALWAR,Twice in week,5,19,11294,377,24,29,2,17,65,1,9,2022
727,93819,Double Decker,29,3,6,Fri,Ajmer,JDP,Jpr,Daily,5,34,17286,377,30,22,4,19,69,27,5,2019
728,90670,Double Decker,17,2,5,Wed,Ajmer,JDP,SIKAR,Twice in week,3,28,27121,377,29,23,1,19,71,6,10,2020
729,38073,HWH JU SPL,28,1,8,Thu,Ajmer,ALWAR,SIKAR,Twice in week,4,23,18337,377,31,25,2,5,70,15,9,2022
730,17015,Garbi Rath,21,2,8,Sun,Ajmer,ALWAR,Dli,Twice in week,4,38,12609,377,31,33,2,14,65,10,1,2019
731,30647,Rajdhani Express,18,1,5,Sat,Ajmer,UDP,ALWAR,Twice in week,3,3,26230,377,22,32,1,23,68,5,1,2022
732,29748,Double Decker,24,2,6,Tue,Ajmer,Jpr,Jpr,Weekly,3,30,10350,377,33,24,4,14,67,7,8,2022
733,32507,Ajmer Shatabdi,17,3,6,Wed,Ajmer,SIKAR,BKN,Weekly,3,13,19178,377,33,21,3,6,72,26,6,2021
734,29218,Ajmer Shatabdi,12,1,7,Sun,Ajmer,Dli,BKN,Daily,4,34,27364,377,20,25,1,7,68,30,3,2021
735,50632,HWH JU SPL,10,1,6,Fri,Ajmer,Jpr,SIKAR,Daily,4,19,16702,377,22,30,2,15,71,6,6,2021
736,22960,Ajmer Shatabdi,15,1,5,Sat,Ajmer,Jpr,Dli,Daily,4,26,29439,377,23,20,1,19,66,24,4,2022
737,72981,Vande Bharat Express,28,3,6,Fri,Ajmer,SIKAR,ALWAR,Twice in week,1,24,18059,377,29,27,4,10,70,8,2,2022
738,51345,Ajmer Shatabdi,23,1,6,Tue,Ajmer,BKN,Dli,Weekly,3,13,22534,377,20,34,2,19,72,14,11,2021
739,79839,Ajmer Shatabdi,27,2,8,Wed,Ajmer,SIKAR,Jpr,Twice in week,3,22,19790,377,30,34,1,11,65,14,4,2021
740,31526,CDG ALL G RATH,12,2,5,Wed,Ajmer,UDP,UDP,Daily,3,13,25343,377,24,31,4,13,66,14,5,2021
741,14361,HWH JU SPL,23,2,6,Thu,Ajmer,SIKAR,UDP,Weekly,3,29,12316,377,32,27,2,19,70,5,9,2022
742,20049,Double Decker,12,3,5,Sat,Ajmer,ALWAR,Jpr,Weekly,2,38,10511,377,30,23,3,16,71,29,3,2022
743,95247,CDG ALL G RATH,29,3,6,Tue,Ajmer,Dli,Dli,Twice in week,2,7,16753,377,31,22,1,10,68,17,10,2022
744,38379,HWH JU SPL,22,1,5,Fri,Ajmer,JDP,Jpr,Weekly,3,15,19083,377,31,32,3,13,66,6,3,2021
745,12419,CDG ALL G RATH,27,1,6,Fri,Ajmer,BKN,ALWAR,Twice in week,2,16,17053,377,24,34,1,9,69,12,6,2020
746,69830,Ashram Express SPL,14,1,6,Sun,Ajmer,ALWAR,Dli,Twice in week,1,28,17996,377,32,30,4,18,67,7,6,2020
747,97016,Ashram Express SPL,11,2,7,Sat,Ajmer,Dli,ALWAR,Weekly,4,28,24146,377,32,20,2,11,69,20,11,2022
748,40298,Ajmer Shatabdi,21,1,9,Wed,Ajmer,JDP,UDP,Daily,3,9,17616,377,24,31,1,12,67,30,8,2021
749,86938,Double Decker,26,2,7,Thu,Ajmer,SIKAR,UDP,Weekly,5,15,11904,377,23,21,2,4,67,27,6,2021
750,40866,CDG ALL G RATH,20,3,7,Tue,Ajmer,Dli,SIKAR,Twice in week,2,18,13464,377,30,31,3,18,72,16,10,2022
751,33548,Ajmer Shatabdi,22,2,9,Sun,Ajmer,BKN,Dli,Twice in week,5,33,13589,377,34,22,2,19,69,28,1,2021
752,93286,CDG ALL G RATH,24,2,6,Tue,Ajmer,JDP,SIKAR,Twice in week,4,4,10104,377,32,29,1,14,71,13,7,2019
753,45232,Vande Bharat Express,13,1,7,Mon,Ajmer,ALWAR,Jpr,Weekly,2,20,10744,377,22,24,2,15,68,30,2,2021
754,36037,Ajmer Shatabdi,20,3,9,Fri,Ajmer,UDP,Dli,Twice in week,2,34,22598,377,24,23,3,9,65,3,3,2020
755,42520,Ajmer Shatabdi,14,1,8,Tue,Ajmer,Dli,Dli,Twice in week,4,22,11445,377,27,34,3,17,67,1,1,2019
756,22051,Shatabdi Express,28,3,8,Wed,Ajmer,Dli,SIKAR,Twice in week,3,6,22076,377,28,28,3,7,69,10,2,2021
757,21770,Ashram Express SPL,23,3,9,Wed,Ajmer,SIKAR,BKN,Daily,1,19,21936,377,21,32,2,11,70,9,4,2021
758,75788,Garbi Rath,11,3,7,Thu,Ajmer,JDP,SIKAR,Weekly,2,18,21718,377,34,34,1,13,65,19,4,2019
759,76179,HWH JU SPL,15,2,7,Tue,Ajmer,SIKAR,Jpr,Twice in week,4,12,17208,377,23,24,4,20,65,22,8,2021
760,86468,Double Decker,15,3,8,Mon,Ajmer,BKN,Dli,Twice in week,2,36,29242,377,27,33,1,20,70,12,7,2021
761,70900,Ashram Express SPL,12,1,6,Fri,Ajmer,ALWAR,Jpr,Daily,1,24,20433,377,28,34,1,18,67,14,1,2019
762,63834,Vande Bharat Express,27,3,6,Mon,Ajmer,Dli,Dli,Twice in week,2,20,11705,377,29,22,4,19,68,15,6,2021
763,63491,Ashram Express SPL,10,1,7,Mon,Ajmer,UDP,ALWAR,Twice in week,3,29,20149,377,26,34,4,22,67,7,1,2020
764,10746,Ashram Express SPL,22,3,6,Mon,Ajmer,JDP,ALWAR,Weekly,3,25,14338,377,34,24,4,4,65,27,10,2021
765,76451,Ajmer Shatabdi,21,2,7,Sun,Ajmer,ALWAR,Dli,Twice in week,3,22,26775,377,23,34,3,20,69,24,11,2021
766,19118,HWH JU SPL,11,1,8,Sun,Ajmer,Dli,SIKAR,Twice in week,2,37,24474,377,32,31,3,14,67,10,8,2020
767,59715,Double Decker,15,1,6,Mon,Ajmer,ALWAR,Dli,Daily,2,26,28879,377,20,21,2,21,70,19,4,2022
768,49736,Shatabdi Express,10,3,5,Wed,Ajmer,Dli,SIKAR,Weekly,1,6,28482,377,26,21,4,6,68,8,6,2022
769,29801,Shatabdi Express,29,2,6,Sat,Ajmer,ALWAR,SIKAR,Daily,4,39,10487,377,23,23,2,18,69,21,8,2022
770,82550,HWH JU SPL,27,3,6,Tue,Ajmer,SIKAR,Jpr,Twice in week,5,23,23911,377,30,21,2,8,68,21,10,2019
771,74711,Ajmer Shatabdi,23,3,6,Fri,Ajmer,JDP,SIKAR,Twice in week,3,11,29831,377,28,21,3,21,71,22,4,2021
772,14381,Rajdhani Express,26,1,5,Sat,Ajmer,JDP,UDP,Daily,2,5,26600,377,24,30,3,8,69,7,1,2022
773,40462,Ashram Express SPL,14,3,7,Sun,Ajmer,JDP,UDP,Twice in week,5,9,12379,377,29,20,1,15,69,7,1,2022
774,15463,CDG ALL G RATH,19,2,9,Tue,Ajmer,JDP,Jpr,Daily,4,11,14026,377,25,27,4,14,67,12,9,2020
775,58616,CDG ALL G RATH,10,1,8,Tue,Ajmer,ALWAR,ALWAR,Weekly,1,10,16465,377,20,25,2,5,67,3,1,2021
776,48676,Shatabdi Express,16,2,6,Sat,Ajmer,BKN,BKN,Daily,2,20,17675,377,29,33,3,19,68,26,6,2022
777,48498,Garbi Rath,27,2,6,Tue,Ajmer,Jpr,JDP,Twice in week,5,27,23173,377,20,24,2,17,69,7,8,2021
778,87458,Garbi Rath,19,2,5,Fri,Ajmer,ALWAR,BKN,Weekly,5,37,15999,377,31,28,3,17,70,2,10,2019
779,18281,Ashram Express SPL,22,2,5,Wed,Ajmer,Dli,SIKAR,Twice in week,2,6,14889,377,32,32,1,8,72,4,7,2022
780,64224,Shatabdi Express,28,2,7,Thu,Ajmer,UDP,ALWAR,Weekly,5,23,26442,377,33,21,4,11,70,13,2,2020
781,26218,Ajmer Shatabdi,21,2,7,Wed,Ajmer,ALWAR,UDP,Weekly,5,27,20603,377,30,27,1,13,67,16,9,2020
782,46492,Vande Bharat Express,20,2,5,Sun,Ajmer,Jpr,ALWAR,Weekly,1,18,17628,377,29,26,1,18,66,9,2,2019
783,30557,CDG ALL G RATH,23,1,9,Sun,Ajmer,Jpr,BKN,Daily,1,8,11755,377,28,21,4,13,69,7,2,2019
784,60339,Ashram Express SPL,19,1,9,Fri,Ajmer,BKN,UDP,Weekly,1,9,22619,377,31,28,3,15,68,5,6,2020
785,84304,HWH JU SPL,10,3,8,Fri,Ajmer,Dli,SIKAR,Daily,3,4,16324,377,30,27,1,20,69,6,8,2019
786,19480,Rajdhani Express,11,2,6,Wed,Ajmer,JDP,Dli,Daily,3,17,19899,377,33,29,4,11,70,16,10,2019
787,68564,CDG ALL G RATH,29,3,9,Thu,Ajmer,JDP,ALWAR,Weekly,1,4,29717,377,20,33,2,8,70,21,5,2021
788,70120,HWH JU SPL,22,3,5,Tue,Ajmer,Dli,ALWAR,Weekly,3,23,29463,377,24,20,1,17,69,15,4,2021
789,66739,Ashram Express SPL,19,2,9,Fri,Ajmer,ALWAR,ALWAR,Twice in week,4,30,19814,377,23,26,2,11,71,4,6,2022
790,72382,Vande Bharat Express,25,2,9,Wed,Ajmer,Jpr,SIKAR,Weekly,4,25,21672,377,32,27,1,9,72,1,11,2019
791,48713,Ashram Express SPL,14,3,7,Sat,Ajmer,BKN,UDP,Twice in week,5,26,24907,377,31,34,3,13,71,8,3,2021
792,29250,Garbi Rath,24,2,8,Thu,Ajmer,SIKAR,SIKAR,Daily,1,25,19703,377,30,31,3,16,67,14,6,2021
793,28698,Rajdhani Express,11,2,7,Thu,Ajmer,Jpr,UDP,Weekly,3,16,27967,377,23,28,1,15,70,27,5,2019
794,92066,Garbi Rath,27,1,7,Thu,Ajmer,JDP,Jpr,Twice in week,2,24,24029,377,33,33,2,10,67,15,4,2021
795,46864,HWH JU SPL,29,1,8,Fri,Ajmer,BKN,BKN,Twice in week,5,26,24734,377,33,23,3,6,69,29,9,2020
796,14194,Vande Bharat Express,29,2,9,Fri,Ajmer,UDP,UDP,Twice in week,2,23,23013,377,31,21,1,4,68,4,8,2019
797,81804,Vande Bharat Express,28,2,8,Tue,Ajmer,ALWAR,UDP,Daily,2,8,19813,377,26,31,3,5,68,7,2,2019
798,93398,Vande Bharat Express,24,1,5,Fri,Ajmer,ALWAR,BKN,Weekly,1,38,17791,377,22,23,4,22,71,19,3,2020
799,52070,CDG ALL G RATH,11,2,7,Wed,Ajmer,ALWAR,BKN,Twice in week,3,22,22619,377,34,25,4,5,70,25,10,2022
800,92914,Double Decker,24,3,9,Wed,Ajmer,JDP,Dli,Weekly,2,24,20701,377,29,26,4,18,65,8,9,2020
801,92568,Rajdhani Express,11,1,7,Fri,Ajmer,Jpr,ALWAR,Daily,5,38,22729,377,32,28,4,21,70,24,1,2020
802,10482,Ajmer Shatabdi,25,3,9,Thu,Ajmer,Dli,ALWAR,Twice in week,3,19,29199,377,32,31,1,12,69,30,3,2021
803,94708,Ajmer Shatabdi,24,2,9,Mon,Ajmer,ALWAR,Jpr,Daily,3,39,15307,377,31,26,4,17,71,9,2,2021
804,74654,Vande Bharat Express,21,3,8,Sat,Ajmer,ALWAR,Jpr,Daily,3,31,17737,377,27,20,2,16,69,8,3,2022
805,54834,Double Decker,14,1,5,Sat,Ajmer,BKN,SIKAR,Twice in week,1,28,15444,377,30,33,1,14,66,5,6,2022
806,73428,Rajdhani Express,28,2,9,Wed,Ajmer,Dli,Dli,Daily,1,4,16470,377,20,23,4,10,68,20,8,2019
807,92807,Garbi Rath,12,3,6,Mon,Ajmer,UDP,ALWAR,Weekly,4,4,21537,377,31,30,2,17,72,9,8,2022
808,88805,Rajdhani Express,16,1,8,Tue,Ajmer,Jpr,Dli,Daily,3,22,28109,377,27,32,2,23,70,16,6,2022
809,84102,CDG ALL G RATH,10,1,7,Sat,Ajmer,Dli,JDP,Daily,4,14,20435,377,21,31,2,11,71,7,9,2021
810,77882,Vande Bharat Express,16,2,6,Fri,Ajmer,Jpr,SIKAR,Weekly,1,12,29499,377,31,24,2,18,66,6,3,2020
811,79256,Double Decker,29,2,8,Mon,Ajmer,ALWAR,Jpr,Twice in week,2,29,13771,377,29,24,3,16,68,16,2,2019
812,44339,CDG ALL G RATH,13,2,8,Tue,Ajmer,JDP,UDP,Weekly,5,12,27090,377,29,21,3,8,66,21,1,2021
813,56306,Garbi Rath,19,2,7,Sun,Ajmer,Jpr,ALWAR,Weekly,4,30,27289,377,34,29,2,15,69,24,11,2022
814,29545,Vande Bharat Express,14,2,5,Sun,Ajmer,JDP,ALWAR,Daily,4,8,15599,377,29,20,3,19,65,16,3,2020
815,41329,Rajdhani Express,20,1,5,Sat,Ajmer,JDP,Dli,Daily,5,36,17979,377,31,21,3,16,69,29,4,2019
816,64238,Ajmer Shatabdi,20,3,9,Fri,Ajmer,ALWAR,UDP,Weekly,2,30,21474,377,33,26,3,17,70,21,3,2022
817,84604,Rajdhani Express,21,1,8,Sun,Ajmer,ALWAR,BKN,Daily,1,37,13284,377,30,21,2,6,71,14,7,2019
818,37954,Shatabdi Express,21,2,7,Sun,Ajmer,UDP,BKN,Twice in week,1,39,20917,377,29,22,1,7,72,12,11,2022
819,15405,Double Decker,18,1,6,Wed,Ajmer,Jpr,JDP,Daily,2,29,12782,377,25,21,2,9,71,10,11,2020
820,66632,CDG ALL G RATH,23,2,5,Tue,Ajmer,UDP,Jpr,Twice in week,5,8,22608,377,32,26,2,7,66,16,8,2020
821,30082,CDG ALL G RATH,10,3,5,Wed,Ajmer,BKN,UDP,Daily,1,20,22279,377,34,27,4,17,65,5,10,2020
822,24423,Ajmer Shatabdi,28,3,7,Fri,Ajmer,Jpr,Jpr,Daily,3,25,24973,377,31,22,4,16,68,26,2,2020
823,85668,Rajdhani Express,14,1,7,Tue,Ajmer,UDP,Dli,Weekly,2,7,18228,377,29,23,4,8,72,12,10,2022
824,81224,Garbi Rath,29,3,7,Mon,Ajmer,BKN,SIKAR,Weekly,4,14,17425,377,21,24,4,21,72,5,3,2021
825,99559,Garbi Rath,22,3,9,Sat,Ajmer,SIKAR,Jpr,Twice in week,4,16,11061,377,22,26,3,10,69,20,7,2020
826,55406,CDG ALL G RATH,14,3,8,Thu,Ajmer,UDP,BKN,Weekly,1,3,26149,377,25,26,3,12,67,25,7,2019
827,99107,Double Decker,17,3,8,Wed,Ajmer,JDP,UDP,Daily,2,37,27179,377,34,25,1,16,72,29,8,2021
828,35195,Ajmer Shatabdi,29,1,8,Mon,Ajmer,SIKAR,SIKAR,Weekly,1,9,17888,377,27,22,1,14,68,25,1,2022
829,74516,Double Decker,21,2,8,Thu,Ajmer,JDP,ALWAR,Twice in week,4,7,13140,377,30,30,2,14,66,25,8,2022
830,14240,Ashram Express SPL,12,2,8,Sun,Ajmer,JDP,Dli,Twice in week,1,36,25554,377,23,33,1,12,71,27,6,2020
831,99002,HWH JU SPL,27,2,8,Wed,Ajmer,UDP,SIKAR,Weekly,5,33,27891,377,27,21,1,22,70,15,4,2020
832,83430,Ashram Express SPL,28,3,7,Mon,Ajmer,Jpr,Jpr,Daily,4,26,24009,377,28,22,2,10,70,12,10,2019
833,28878,Garbi Rath,13,3,7,Tue,Ajmer,JDP,ALWAR,Twice in week,2,38,12249,377,26,27,4,6,68,8,11,2020
834,35889,Rajdhani Express,24,2,8,Wed,Ajmer,ALWAR,UDP,Twice in week,2,21,17432,377,34,34,2,6,67,4,10,2019
835,98622,JBP ALL SPL,24,3,5,Wed,Ajmer,Dli,JDP,Twice in week,2,32,26920,377,25,33,1,8,71,27,7,2021
836,36523,Vande Bharat Express,16,2,5,Tue,Ajmer,ALWAR,SIKAR,Weekly,2,32,18123,377,33,30,4,12,69,11,7,2019
837,87169,Double Decker,11,1,5,Sat,Ajmer,Jpr,Dli,Daily,5,15,17483,377,22,32,1,13,71,4,1,2019
838,79437,Ashram Express SPL,15,2,9,Fri,Ajmer,ALWAR,BKN,Daily,1,35,23293,377,30,27,1,14,70,9,4,2021
839,95537,Vande Bharat Express,18,3,8,Fri,Ajmer,Jpr,ALWAR,Twice in week,5,27,17885,377,29,33,1,11,65,30,3,2021
840,49123,HWH JU SPL,19,3,9,Sat,Ajmer,UDP,JDP,Twice in week,1,11,17360,377,27,27,1,11,65,26,9,2020
841,95945,Rajdhani Express,10,3,7,Sun,Ajmer,UDP,SIKAR,Twice in week,4,17,19320,377,24,34,4,7,71,4,10,2020
842,55367,CDG ALL G RATH,12,3,6,Tue,Ajmer,Jpr,ALWAR,Twice in week,3,9,28025,377,21,23,2,12,72,5,2,2019
843,97858,Rajdhani Express,17,2,6,Tue,Ajmer,JDP,Jpr,Daily,4,29,24466,377,31,30,2,17,69,21,6,2020
844,37080,Shatabdi Express,22,2,6,Sun,Ajmer,SIKAR,SIKAR,Twice in week,4,6,25059,377,29,30,2,5,69,3,1,2020
845,89251,CDG ALL G RATH,13,2,5,Fri,Ajmer,Dli,ALWAR,Twice in week,5,7,21926,377,24,34,3,23,66,30,11,2021
846,36395,JBP ALL SPL,28,3,8,Thu,Ajmer,ALWAR,ALWAR,Weekly,1,18,29146,377,28,21,1,22,70,28,8,2022
847,99123,Ajmer Shatabdi,26,1,7,Thu,Ajmer,JDP,JDP,Daily,2,23,10483,377,26,28,2,23,68,23,3,2021
848,87080,Garbi Rath,19,1,6,Mon,Ajmer,Dli,ALWAR,Daily,2,4,21726,377,34,31,1,20,71,6,3,2019
849,50282,JBP ALL SPL,14,3,5,Fri,Ajmer,JDP,UDP,Weekly,5,39,19408,377,29,28,1,6,65,5,7,2022
850,83836,CDG ALL G RATH,13,3,7,Tue,Ajmer,ALWAR,Dli,Weekly,5,31,17902,377,23,33,4,4,66,22,2,2022
851,69043,Vande Bharat Express,20,1,6,Tue,Ajmer,JDP,Dli,Daily,3,24,14694,377,29,20,4,18,67,30,7,2020
852,29508,Rajdhani Express,25,3,9,Fri,Ajmer,UDP,ALWAR,Twice in week,5,31,13500,377,23,24,2,13,67,1,3,2022
853,75880,JBP ALL SPL,12,3,5,Thu,Ajmer,Jpr,Dli,Weekly,4,24,23720,377,34,32,3,17,72,19,7,2019
854,31157,Double Decker,22,2,8,Sat,Ajmer,JDP,Jpr,Twice in week,3,22,27185,377,26,26,2,11,66,26,4,2022
855,24576,JBP ALL SPL,21,3,9,Thu,Ajmer,Dli,Dli,Twice in week,1,26,21272,377,29,24,2,10,65,10,11,2019
856,59127,Vande Bharat Express,29,1,6,Thu,Ajmer,Dli,JDP,Twice in week,4,11,18269,377,27,27,4,5,65,20,5,2019
857,73964,HWH JU SPL,11,3,6,Mon,Ajmer,Jpr,Dli,Weekly,5,4,15766,377,33,28,3,5,71,27,5,2020
858,50645,Rajdhani Express,29,2,6,Thu,Ajmer,SIKAR,Dli,Twice in week,2,32,24701,377,32,32,1,14,70,15,2,2021
859,59877,Garbi Rath,10,2,9,Tue,Ajmer,Jpr,JDP,Weekly,4,6,21345,377,27,30,3,21,69,6,6,2021
860,92764,Double Decker,14,2,8,Sat,Ajmer,BKN,BKN,Daily,2,39,19284,377,34,29,2,22,68,22,9,2019
861,96402,Ajmer Shatabdi,25,1,8,Wed,Ajmer,SIKAR,Jpr,Weekly,2,15,25443,377,34,21,1,22,71,2,11,2022
862,43203,Shatabdi Express,29,2,9,Tue,Ajmer,UDP,JDP,Weekly,1,20,23434,377,29,29,2,20,72,20,5,2019
863,32594,Shatabdi Express,17,3,6,Sun,Ajmer,Jpr,Jpr,Daily,1,39,18198,377,33,34,2,21,69,2,1,2021
864,71753,Ajmer Shatabdi,13,2,5,Sat,Ajmer,ALWAR,BKN,Twice in week,3,26,20038,377,34,32,3,16,69,13,2,2022
865,50600,Vande Bharat Express,10,2,6,Sun,Ajmer,SIKAR,BKN,Twice in week,5,12,26311,377,34,31,2,17,70,15,1,2021
866,38029,CDG ALL G RATH,27,1,9,Sun,Ajmer,ALWAR,Jpr,Daily,3,34,12577,377,23,25,3,5,71,18,5,2021
867,48227,HWH JU SPL,12,2,8,Tue,Ajmer,SIKAR,UDP,Daily,4,25,11224,377,24,32,1,9,66,14,1,2019
868,96006,Rajdhani Express,17,1,6,Tue,Ajmer,UDP,JDP,Twice in week,5,27,26686,377,20,27,4,17,68,30,3,2019
869,80081,Double Decker,10,2,7,Thu,Ajmer,UDP,ALWAR,Daily,5,3,17830,377,22,26,1,5,65,4,10,2020
870,82613,CDG ALL G RATH,19,2,9,Sat,Ajmer,BKN,UDP,Weekly,1,25,18545,377,30,26,3,20,70,24,1,2020
871,31079,Vande Bharat Express,24,3,5,Wed,Ajmer,BKN,JDP,Daily,2,26,22728,377,29,24,1,22,67,10,2,2020
872,28388,Garbi Rath,22,2,9,Wed,Ajmer,UDP,JDP,Twice in week,2,26,23125,377,29,24,2,18,67,17,9,2022
873,67070,Shatabdi Express,26,2,6,Thu,Ajmer,ALWAR,Dli,Daily,1,26,16115,377,23,26,2,19,67,25,1,2021
874,65971,Ashram Express SPL,13,1,6,Thu,Ajmer,JDP,ALWAR,Twice in week,5,11,18859,377,32,30,1,21,72,8,5,2020
875,65759,CDG ALL G RATH,19,2,8,Wed,Ajmer,UDP,ALWAR,Twice in week,1,14,21073,377,31,28,3,14,69,30,7,2020
876,28868,JBP ALL SPL,27,2,8,Wed,Ajmer,BKN,JDP,Twice in week,2,33,22315,377,33,22,3,20,68,7,2,2022
877,29374,Rajdhani Express,12,2,7,Mon,Ajmer,Dli,SIKAR,Weekly,2,5,11225,377,29,24,2,11,70,4,2,2022
878,29111,Rajdhani Express,16,2,8,Sun,Ajmer,JDP,ALWAR,Daily,4,37,27932,377,26,24,2,5,70,22,11,2022
879,99030,HWH JU SPL,11,3,8,Sun,Ajmer,ALWAR,UDP,Weekly,4,3,16834,377,24,28,2,18,66,3,7,2020
880,69474,Rajdhani Express,12,2,5,Thu,Ajmer,SIKAR,Dli,Weekly,1,38,14835,377,22,22,4,20,66,10,8,2022
881,89207,Vande Bharat Express,26,3,7,Wed,Ajmer,UDP,Jpr,Daily,1,5,13497,377,30,20,4,6,70,2,9,2019
882,15450,Ajmer Shatabdi,14,1,5,Mon,Ajmer,Dli,BKN,Weekly,3,39,20694,377,25,28,4,22,69,10,7,2022
883,19326,CDG ALL G RATH,21,3,7,Sat,Ajmer,Dli,Jpr,Weekly,4,3,26464,377,26,30,2,23,66,5,9,2022
884,64646,Ashram Express SPL,12,3,5,Fri,Ajmer,BKN,Jpr,Weekly,5,25,20570,377,21,24,2,6,71,16,2,2022
885,26258,Double Decker,10,2,9,Sat,Ajmer,ALWAR,Jpr,Twice in week,4,32,25709,377,31,26,1,4,67,22,3,2019
886,88955,JBP ALL SPL,10,3,9,Mon,Ajmer,UDP,UDP,Weekly,5,36,19648,377,34,21,1,12,67,21,9,2022
887,97501,HWH JU SPL,13,3,8,Sat,Ajmer,Jpr,JDP,Weekly,5,26,27525,377,26,32,3,5,69,6,1,2019
888,88252,Garbi Rath,23,3,6,Wed,Ajmer,UDP,Dli,Weekly,5,14,12148,377,30,32,1,6,68,29,1,2020
889,16945,CDG ALL G RATH,12,3,7,Thu,Ajmer,BKN,BKN,Twice in week,4,16,17449,377,28,21,2,12,71,24,6,2022
890,27316,Garbi Rath,14,2,7,Sun,Ajmer,JDP,Jpr,Twice in week,2,8,11398,377,21,34,1,15,67,8,7,2021
891,53682,CDG ALL G RATH,22,3,7,Sat,Ajmer,SIKAR,Dli,Twice in week,5,26,17901,377,30,24,4,16,72,16,7,2019
892,83310,JBP ALL SPL,21,1,7,Mon,Ajmer,Jpr,Jpr,Weekly,1,4,23607,377,30,29,1,6,66,15,9,2022
893,68446,Double Decker,29,3,7,Fri,Ajmer,Dli,BKN,Daily,4,4,19971,377,20,24,4,20,69,16,7,2019
894,75383,Double Decker,23,3,9,Sat,Ajmer,UDP,UDP,Twice in week,5,4,14817,377,32,30,2,22,70,6,8,2021
895,19705,Vande Bharat Express,17,3,9,Thu,Ajmer,ALWAR,BKN,Weekly,3,23,27953,377,33,23,1,14,72,19,9,2021
896,74997,JBP ALL SPL,26,2,6,Mon,Ajmer,UDP,ALWAR,Twice in week,4,17,16563,377,25,27,2,17,71,30,4,2022
897,14644,Ashram Express SPL,16,2,6,Mon,Ajmer,ALWAR,UDP,Twice in week,5,10,18354,377,32,26,3,16,69,18,2,2021
898,49817,HWH JU SPL,26,1,6,Mon,Ajmer,ALWAR,SIKAR,Weekly,4,21,11560,377,20,21,2,5,70,16,8,2019
899,45053,Vande Bharat Express,11,1,9,Fri,Ajmer,Jpr,ALWAR,Twice in week,3,20,10996,377,22,31,4,9,68,6,9,2019
900,16334,Rajdhani Express,26,2,5,Wed,Ajmer,JDP,Dli,Daily,5,24,28781,377,33,20,2,23,67,9,6,2022
901,33256,JBP ALL SPL,21,1,6,Fri,Ajmer,Dli,BKN,Weekly,3,19,24847,377,23,27,4,22,69,14,8,2022
902,43640,Rajdhani Express,14,1,9,Wed,Ajmer,JDP,BKN,Twice in week,3,7,22092,377,34,24,2,13,69,4,11,2020
903,46286,Double Decker,15,2,8,Sat,Ajmer,UDP,UDP,Twice in week,4,31,15974,377,33,26,4,21,69,14,11,2020
904,16216,Ashram Express SPL,14,1,5,Wed,Ajmer,UDP,JDP,Twice in week,5,17,18953,377,29,27,1,9,67,2,3,2019
905,48133,Rajdhani Express,25,3,5,Sat,Ajmer,Dli,Dli,Weekly,3,12,11177,377,32,34,2,5,72,29,11,2022
906,28143,HWH JU SPL,12,1,8,Sat,Ajmer,ALWAR,ALWAR,Daily,3,7,10706,377,34,28,2,21,65,8,8,2022
907,26765,Rajdhani Express,15,1,9,Sat,Ajmer,ALWAR,Jpr,Twice in week,4,33,17848,377,26,25,2,16,70,21,5,2020
908,77042,Rajdhani Express,18,2,8,Fri,Ajmer,SIKAR,JDP,Twice in week,2,6,15799,377,26,20,4,21,69,17,2,2022
909,97668,Double Decker,10,3,7,Tue,Ajmer,Jpr,JDP,Weekly,1,5,26471,377,21,33,2,10,66,24,9,2019
910,67284,HWH JU SPL,19,1,7,Wed,Ajmer,ALWAR,SIKAR,Weekly,5,19,15507,377,29,33,2,16,66,29,3,2019
911,49198,Ashram Express SPL,15,1,8,Thu,Ajmer,Jpr,BKN,Weekly,1,3,22187,377,32,23,3,7,71,29,6,2022
912,72381,HWH JU SPL,24,1,5,Sun,Ajmer,ALWAR,JDP,Weekly,3,27,29446,377,26,20,1,11,67,6,4,2019
913,11903,Rajdhani Express,29,3,9,Sun,Ajmer,SIKAR,SIKAR,Daily,3,29,10225,377,21,32,2,12,69,30,8,2020
914,14332,Garbi Rath,13,2,8,Fri,Ajmer,UDP,Jpr,Twice in week,1,19,22779,377,33,26,1,15,71,28,8,2022
915,44878,Ashram Express SPL,10,3,5,Fri,Ajmer,UDP,Dli,Daily,4,18,15889,377,30,25,1,13,70,25,9,2022
916,50052,Double Decker,20,3,8,Thu,Ajmer,Jpr,ALWAR,Weekly,3,27,22871,377,26,26,2,11,70,2,10,2022
917,75498,Garbi Rath,29,3,9,Thu,Ajmer,BKN,SIKAR,Twice in week,1,38,14310,377,30,21,4,14,70,26,9,2019
918,68032,Vande Bharat Express,18,2,8,Thu,Ajmer,SIKAR,Jpr,Weekly,1,9,16489,377,30,24,1,7,68,3,8,2021
919,95137,Rajdhani Express,23,1,7,Sat,Ajmer,JDP,SIKAR,Daily,5,37,16636,377,20,32,4,4,68,29,3,2021
920,83922,Garbi Rath,21,1,9,Mon,Ajmer,Dli,UDP,Twice in week,5,9,20358,377,20,27,2,8,72,20,3,2020
921,77478,Ashram Express SPL,29,3,6,Mon,Ajmer,SIKAR,ALWAR,Daily,1,14,20055,377,33,31,4,19,69,6,7,2022
922,91146,CDG ALL G RATH,17,2,5,Tue,Ajmer,UDP,BKN,Daily,5,15,17983,377,31,34,1,9,70,16,1,2022
923,57910,Ashram Express SPL,18,3,5,Wed,Ajmer,Dli,UDP,Twice in week,1,32,12329,377,29,24,4,10,72,5,2,2019
924,69653,Rajdhani Express,22,2,7,Fri,Ajmer,UDP,JDP,Daily,1,7,27717,377,22,34,4,16,68,3,10,2020
925,13819,Shatabdi Express,15,2,5,Fri,Ajmer,ALWAR,Jpr,Daily,2,22,27130,377,29,32,3,13,68,18,1,2022
926,63187,JBP ALL SPL,14,1,5,Mon,Ajmer,Jpr,UDP,Twice in week,1,16,13457,377,21,24,3,23,70,17,3,2019
927,80472,Garbi Rath,25,2,5,Wed,Ajmer,Dli,Jpr,Twice in week,1,32,25490,377,26,28,2,5,65,24,10,2020
928,34648,Vande Bharat Express,15,3,8,Thu,Ajmer,UDP,BKN,Daily,1,36,13822,377,26,32,3,13,68,12,3,2022
929,91428,Rajdhani Express,25,3,8,Sun,Ajmer,Dli,SIKAR,Weekly,1,13,14736,377,23,33,1,11,70,16,3,2022
930,71297,Rajdhani Express,22,3,6,Wed,Ajmer,ALWAR,BKN,Weekly,4,12,16482,377,24,30,3,22,66,7,1,2019
931,91679,Ajmer Shatabdi,10,2,7,Sun,Ajmer,JDP,Dli,Daily,2,9,17808,377,25,22,3,12,68,14,3,2021
932,16556,Rajdhani Express,24,2,5,Sat,Ajmer,Jpr,SIKAR,Daily,5,6,15862,377,25,20,4,11,71,9,10,2019
933,19522,Rajdhani Express,22,2,6,Sat,Ajmer,UDP,BKN,Weekly,4,18,22320,377,20,26,4,11,66,28,4,2021
934,35027,Garbi Rath,28,2,8,Tue,Ajmer,Jpr,JDP,Daily,2,11,15839,377,22,34,3,12,65,24,11,2019
935,88982,Ajmer Shatabdi,11,2,9,Mon,Ajmer,Jpr,BKN,Twice in week,3,15,24467,377,29,32,4,11,65,11,2,2019
936,64469,Vande Bharat Express,24,3,6,Sun,Ajmer,UDP,Dli,Twice in week,5,30,25997,377,21,29,4,23,72,24,4,2022
937,22536,Rajdhani Express,26,2,5,Mon,Ajmer,SIKAR,ALWAR,Twice in week,1,23,25760,377,34,30,4,21,70,12,4,2022
938,76662,Rajdhani Express,24,2,7,Mon,Ajmer,SIKAR,Dli,Daily,5,27,21291,377,22,22,3,19,66,27,2,2021
939,39318,Garbi Rath,17,1,6,Sat,Ajmer,SIKAR,Jpr,Daily,2,4,17480,377,27,29,1,5,69,4,2,2020
940,78844,HWH JU SPL,29,1,5,Thu,Ajmer,JDP,JDP,Daily,2,36,10200,377,25,31,4,13,67,16,10,2020
941,40511,CDG ALL G RATH,29,3,7,Tue,Ajmer,BKN,Dli,Daily,1,32,18524,377,32,28,3,9,72,11,10,2020
942,61006,Ajmer Shatabdi,10,3,7,Sun,Ajmer,JDP,ALWAR,Weekly,2,34,10327,377,29,33,2,19,70,1,9,2021
943,24224,HWH JU SPL,17,3,9,Mon,Ajmer,UDP,SIKAR,Weekly,4,29,23818,377,29,22,3,20,68,28,10,2022
944,34649,Ashram Express SPL,14,3,9,Sun,Ajmer,ALWAR,SIKAR,Twice in week,3,35,21543,377,29,23,2,12,71,13,11,2020
945,79153,Ashram Express SPL,17,3,6,Tue,Ajmer,JDP,Dli,Twice in week,2,35,19805,377,31,31,1,10,65,15,11,2020
946,39487,Ashram Express SPL,22,2,6,Sat,Ajmer,ALWAR,Jpr,Twice in week,1,25,17557,377,29,20,1,22,68,11,3,2022
947,51333,Shatabdi Express,19,2,9,Wed,Ajmer,Dli,Dli,Weekly,1,39,23785,377,26,34,4,14,66,1,11,2021
948,94597,HWH JU SPL,21,3,8,Thu,Ajmer,ALWAR,Jpr,Twice in week,4,21,16480,377,26,21,1,5,67,4,1,2020
949,61905,HWH JU SPL,19,2,9,Fri,Ajmer,UDP,JDP,Weekly,2,10,20746,377,24,34,4,6,68,23,7,2021
950,27583,Double Decker,27,1,7,Sun,Ajmer,Jpr,UDP,Daily,4,35,25076,377,20,20,1,18,69,19,11,2021
951,98971,Shatabdi Express,13,1,7,Mon,Ajmer,JDP,Jpr,Weekly,3,32,21019,377,23,22,3,5,71,13,7,2019
952,87873,Shatabdi Express,26,2,5,Wed,Ajmer,BKN,UDP,Daily,5,25,26073,377,22,24,2,11,66,24,1,2020
953,64918,CDG ALL G RATH,19,2,5,Tue,Ajmer,UDP,JDP,Twice in week,5,24,12558,377,20,27,1,19,68,14,7,2021
954,66548,Vande Bharat Express,19,2,6,Sun,Ajmer,JDP,ALWAR,Twice in week,2,11,23654,377,23,20,2,15,68,9,10,2019
955,93498,CDG ALL G RATH,26,1,5,Wed,Ajmer,SIKAR,UDP,Daily,4,9,27798,377,32,27,4,22,66,4,9,2020
956,73626,Vande Bharat Express,26,1,9,Fri,Ajmer,Jpr,SIKAR,Twice in week,1,26,23621,377,33,34,4,12,69,13,2,2021
957,77525,Ajmer Shatabdi,18,2,6,Sun,Ajmer,SIKAR,SIKAR,Twice in week,3,12,10914,377,22,22,1,5,66,6,8,2021
958,77432,CDG ALL G RATH,10,1,7,Sat,Ajmer,ALWAR,ALWAR,Twice in week,3,33,15966,377,34,25,3,23,67,9,4,2021
959,96391,Vande Bharat Express,25,3,9,Tue,Ajmer,JDP,JDP,Weekly,3,10,24525,377,29,33,4,19,69,11,1,2022
960,95221,Rajdhani Express,16,3,7,Wed,Ajmer,BKN,Dli,Twice in week,5,14,25115,377,21,33,2,14,68,21,10,2021
961,27904,Ashram Express SPL,27,2,6,Sun,Ajmer,UDP,UDP,Twice in week,5,36,16857,377,27,23,2,13,67,2,10,2019
962,87082,Shatabdi Express,13,2,8,Tue,Ajmer,BKN,JDP,Twice in week,4,36,16089,377,21,20,4,18,67,3,1,2021
963,11074,Shatabdi Express,12,1,5,Sat,Ajmer,JDP,Jpr,Daily,3,19,29311,377,23,30,1,23,71,12,8,2020
964,36435,JBP ALL SPL,23,3,6,Mon,Ajmer,JDP,BKN,Weekly,1,18,14648,377,30,27,1,22,68,29,7,2022
965,14233,HWH JU SPL,17,3,9,Thu,Ajmer,Jpr,UDP,Weekly,1,12,22763,377,24,24,2,8,67,4,3,2020
966,85458,JBP ALL SPL,20,2,7,Sat,Ajmer,BKN,ALWAR,Twice in week,1,35,17713,377,28,26,1,10,72,12,1,2021
967,26397,Ashram Express SPL,16,2,9,Tue,Ajmer,Jpr,Dli,Twice in week,2,29,16428,377,25,31,2,5,70,9,10,2022
968,63089,Shatabdi Express,19,3,6,Tue,Ajmer,Dli,ALWAR,Twice in week,2,37,17966,377,26,21,3,10,65,19,9,2020
969,23580,Ashram Express SPL,21,2,6,Tue,Ajmer,ALWAR,BKN,Twice in week,1,17,12562,377,27,24,4,6,66,13,5,2021
970,91892,HWH JU SPL,11,3,5,Wed,Ajmer,ALWAR,UDP,Twice in week,1,9,18418,377,30,21,1,20,72,12,9,2019
971,51017,CDG ALL G RATH,27,1,6,Mon,Ajmer,ALWAR,ALWAR,Daily,5,15,24404,377,23,23,2,7,69,5,11,2020
972,18812,Shatabdi Express,28,3,9,Thu,Ajmer,UDP,ALWAR,Twice in week,3,25,22087,377,30,26,2,11,67,2,3,2021
973,62110,JBP ALL SPL,15,3,5,Thu,Ajmer,ALWAR,Jpr,Daily,4,3,25819,377,30,25,4,15,66,11,11,2020
974,70868,Ajmer Shatabdi,19,1,5,Sat,Ajmer,UDP,ALWAR,Weekly,5,19,22388,377,21,28,1,10,65,16,1,2021
975,73326,JBP ALL SPL,28,2,9,Wed,Ajmer,BKN,Jpr,Weekly,2,28,14270,377,33,33,2,18,70,13,2,2020
976,12174,Double Decker,11,2,6,Tue,Ajmer,JDP,JDP,Weekly,4,29,28551,377,23,27,2,7,71,19,3,2022
977,89210,Double Decker,25,2,5,Thu,Ajmer,JDP,Dli,Twice in week,3,30,29945,377,32,30,1,19,70,15,2,2021
978,53687,Vande Bharat Express,20,1,5,Tue,Ajmer,ALWAR,ALWAR,Daily,1,16,15041,377,26,21,2,8,65,20,4,2019
979,98545,Garbi Rath,15,2,7,Fri,Ajmer,BKN,JDP,Daily,4,18,17775,377,21,31,2,13,66,13,2,2019
980,37847,CDG ALL G RATH,20,2,8,Thu,Ajmer,Dli,Dli,Weekly,1,9,27421,377,31,34,3,10,72,30,3,2022
981,18010,CDG ALL G RATH,27,3,5,Thu,Ajmer,Jpr,Dli,Twice in week,4,35,13101,377,23,32,3,18,65,10,11,2020
982,15106,Vande Bharat Express,26,2,5,Fri,Ajmer,ALWAR,UDP,Twice in week,4,28,28812,377,20,31,3,8,67,26,8,2022
983,96792,JBP ALL SPL,19,1,7,Fri,Ajmer,SIKAR,ALWAR,Twice in week,3,30,26573,377,28,25,4,16,67,24,11,2020
984,46958,JBP ALL SPL,18,3,8,Sat,Ajmer,UDP,UDP,Daily,3,24,21494,377,34,28,1,11,66,11,7,2022
985,18435,HWH JU SPL,19,2,6,Sun,Ajmer,Dli,BKN,Weekly,3,37,10414,377,22,31,2,23,70,7,5,2021
986,98377,HWH JU SPL,27,2,7,Sat,Ajmer,JDP,Dli,Twice in week,3,18,23089,377,34,28,1,4,67,20,9,2020
987,71676,Ajmer Shatabdi,21,3,8,Fri,Ajmer,SIKAR,ALWAR,Daily,5,20,13083,377,31,27,3,8,66,4,3,2021
988,35199,Shatabdi Express,14,2,6,Wed,Ajmer,UDP,Dli,Weekly,4,22,17889,377,30,24,4,19,68,17,2,2019
989,79609,CDG ALL G RATH,11,3,8,Wed,Ajmer,JDP,UDP,Weekly,1,14,10363,377,27,28,3,4,71,13,7,2021
990,37497,Rajdhani Express,23,1,8,Wed,Ajmer,Jpr,SIKAR,Twice in week,3,28,14158,377,22,25,1,21,68,4,10,2021
991,97850,JBP ALL SPL,15,3,9,Mon,Ajmer,JDP,SIKAR,Weekly,1,19,28996,377,34,24,3,16,70,3,10,2021
992,35116,Ajmer Shatabdi,11,2,7,Mon,Ajmer,BKN,BKN,Daily,1,38,27300,377,34,29,1,21,65,30,4,2021
993,47840,Double Decker,15,1,7,Fri,Ajmer,BKN,SIKAR,Twice in week,1,22,29720,377,29,25,2,12,68,29,1,2019
994,73984,JBP ALL SPL,26,3,5,Sun,Ajmer,Dli,BKN,Weekly,1,7,22610,377,22,21,3,8,68,26,5,2022
995,89197,Ashram Express SPL,14,2,5,Sat,Ajmer,Jpr,JDP,Twice in week,3,28,24823,377,34,28,1,16,71,5,9,2022
996,80950,JBP ALL SPL,11,1,6,Mon,Ajmer,Dli,ALWAR,Weekly,3,39,19596,377,33,22,1,19,70,26,4,2019
997,11368,JBP ALL SPL,16,1,6,Mon,Ajmer,ALWAR,SIKAR,Daily,5,25,12244,377,29,20,2,22,69,3,4,2022
998,14336,Double Decker,19,2,8,Wed,Ajmer,ALWAR,Dli,Twice in week,2,30,27329,377,22,26,4,8,72,3,6,2021
999,68789,Garbi Rath,18,1,9,Thu,Ajmer,ALWAR,Jpr,Twice in week,2,9,25005,377,21,20,3,12,71,13,6,2020
